Portland-Stone,Portland-Stone
IN,IN
Paules-Church-yard,Paules-Church-yard
Their,Their
Birth,Birth
their,their
Mirth,Mirth
their,their
Thankefulnesse,Thankfulness
their,their
Aduertisement,Advertisement
Written,Written
By,By
FARLEY,FARLEY
a,a
Free-man,Freeman
of,of
London,London
Who,Who
hath,hath
done,done
as,as
freely,freely
for,for
Free-Stone,Freestone
within,within
these,these
eight,eight
yeares,years
as,as
most,most
men,men
and,and
knowes,knows
as,as
much,much
of,of
their,their
mindes,minds
as,as
any,any
Man,Man
Buy,Buy
or,or
goe,go
by,by
LONDON,LONDON
Printed,Printed
by,by
for,for
and,and
are,are
to,to
be,be
sold,sold
at,at
the,the
great,great
South,South
doore,door
of,of
of,of
Pauls,Paul's
THE,THE
AVTHORS,AUTHORS
CHARGE,CHARGE
TO,TO
HIS,HIS
BOOKE,BOOK
TO,TO
know,know
where,where
Portland,Portland
is,is
If,If
any,any
doe,do
desire,desire
Lest,Lest
they,they
should,should
thinke,think
amisse,amiss
Tell,Tell
them,them
in,in
Dorsetshire,Dorsetshire
For,For
some,some
perhaps,perhaps
will,will
say,say
That,That
doe,do
not,not
vnderstand,understand
From,From
whence,whence
they,they
be,be
that,that
they,they
Came,Came
from,from
a,a
forraigne,foreign
Land,Land
So,So
England,England
may,may
haue,have
wrongs,wrongs
And,And
eke,eke
a,a
noble,noble
County,County
And,And
God,God
to,to
whom,whom
belongs,belongs
All,All
thanks,thanks
for,for
his,his
great,great
bounty,bounty
For,For
sure,sure
as,as
Hee,he
's,'s
aboue,above
Then,Then
we,we
no,no
liuing,living
Nation,Nation
E're,e'er
tasted,tasted
of,of
his,his
loue,love
In,In
more,more
abundant,abundant
fashion,fashion
Of,Of
things,things
which,which
named,named
be,be
Aboue,Above
or,or
vnderground,underground
Or,Or
on,on
or,or
in,in
the,the
Sea,Sea
That,That
can,can
or,or
may,may
be,be
found,found
His,His
name,name
be,be
blest,blest
therefore,therefore
And,And
so,so
my,my
Booke,Book
adieu,adieu
I,I
need,need
to,to
say,say
no,no
more,more
But,But
pray,pray
God,God
prosper,prosper
you,you
The,The
Bookes,Books
answer,answer
YOur,YOur
Charge,Charge
I,I
will,will
obey,obey
As,As
I,I
am,am
bound,bound
by,by
right,right
And,And
what,what
y',ye
aue,have
writ,writ
I,I
'le,'ll
say,say
To,To
Lady,Lady
Lord,Lord
and,and
Knight,Knight
In,In
hope,hope
though,though
I,I
am,am
weake,weak
And,And
in,in
proportion,proportion
small,small
Yet,Yet
so,so
y,y
'aue,'ave
taught,taught
me,me
speake,speak
As,As
some,some
good,good
doe,do
I,I
shall,shall
And,And
workmen,workmen
will,will
take,take
heed,heed
To,To
doe,do
what,what
's,'s
iust,just
and,and
fit,fit
Which,Which
is,is
as,as
much,much
as,as
need,need
Where,Where
Conscience,Conscience
is,is
and,and
TO,TO
THE,THE
RIGHT,RIGHT
Honourable,Honourable
Reuerend,Reverend
Worshipfull,Worshipful
and,and
Worthy,Worthy
Commissioners,Commissioners
appointed,appointed
by,by
the,the
Kings,Kings
most,most
Sacred,Sacred
Maiesty,Majesty
for,for
the,the
Reparation,Reparation
of,of
PAVLS,PAUL'S
Church,Church
in,in
LONDON,LONDON
My,My
very,very
good,good
Lords,Lords
and,and
Masters,Masters
IF,IF
your,your
graue,grave
Wisedomes,Wisdoms
herein,herein
I,I
offend,offend
My,My
faithfull,faithful
Muse,Muse
did,did
neuer,never
so,so
intend,intend
For,For
though,though
but,but
plaine,plain
shee,she
's,'s
honest,honest
and,and
shee,she
's,'s
TRUE,TRUE
And,And
hath,hath
respect,respect
to,to
God,God
King,King
Church,Church
and,and
In,In
all,all
humilitie,humility
shee,she
's,'s
well,well
content,content
For,For
her,her
least,least
fault,fault
to,to
be,be
right,right
penitent,penitent
And,And
of,of
your,your
fauors,favours
craues,craves
but,but
this,this
for,for
guerdon,guerdon
If,If
well,well
your,your
boon,boon
if,if
ill,ill
your,your
gentle,gentle
pardon,pardon
Amore,Amore
Veritate,Veritate
Reuerentia,Reverentia
So,So
deuoted,devoted
to,to
Gods,God's
House,House
And,And
to,to
your,your
Lordships,Lordships
and,and
Worships,Worships
euer,ever
bounden,bounden
FARLEY,FARLEY
TO,TO
THE,THE
RIGHT,RIGHT
Reuerend,Reverend
Father,Father
in,in
GOD,GOD
GEORGE,GEORGE
Lord,Lord
Bishop,Bishop
of,of
London,London
My,My
singular,singular
good,good
Lord,Lord
AS,AS
from,from
the,the
Hill,Hill
of,of
Hermons,Hermons
Heau'nly,Heavenly
tops,tops
Most,Most
Sacred,Sacred
Dewe,Dew
on,on
Sion,Zion
Mountaines,Mountains
drops,drops
Which,Which
falling,falling
further,further
to,to
the,the
lower,lower
ground,ground
Doth,Doth
make,make
the,the
Fields,Fields
with,with
fruits,fruits
diuine,divine
abound,abound
So,So
may,may
that,that
Hermon-Dewe,Hermon-Dewe
be,be
dropping,dropping
still,still
On,On
thee,thee
chiefe,chief
Montaigne,Montaigne
of,of
Pauls-Sion,Pauls-Sion
Hill,Hill
That,That
so,so
Her,Her
lower,lower
grounds,grounds
may,may
fruitfull,fruitful
be,be
And,And
She,She
poor,poor
Church,Church
made,made
fortunate,fortunate
by,by
Thee,Thee
For,For
which,which
I,I
pray,pray
these,these
Blessings,Blessings
may,may
ensue,ensue
Health,Health
Plenty,Plenty
Peace,Peace
Ioy,joy
and,and
Long-life,Long-life
to,to
This,This
is,is
no,no
Nettle,Nettle
thorne,thorn
or,or
thistle,thistle
But,But
vnto,unto
Enuy,Envy
an,an
Epistle,Epistle
PErhaps,PErhaps
you,you
doe,do
delight,delight
to,to
flout,flout
and,and
fleere,fleer
Perhaps,Perhaps
a,a
word,word
may,may
be,be
misplaced,misplaced
here,here
some,some
thing,thing
may,may
touch,touch
you,you
very,very
neere,near
you,you
doe,do
beleeue,believe
your,your
threats,threats
I,I
feare,fear
you,you
loue,love
me,me
not,not
the,the
case,case
is,is
cleare,clear
you,you
doe,do
backbite,backbite
me,me
euery,every
where,where
you,you
thinke,think
it,it
comes,comes
not,not
to,to
mine,mine
eare,ear
you,you
crost,crossed
my,my
new,new
bookes,books
sale,sale
last,last
yeare,year
Perhaps,Perhaps
you,you
know,know
I,I
cannot,cannot
quit,quit
this,this
geare,gear
Yes,Yes
if,if
I,I
would,would
as,as
enuious,envious
appeare,appear
But,But
what,what
need,need
I,I
sith,sith
acting,acting
thus,thus
your,your
part,part
You,You
wound,wound
your selues,yourselves
by,by
Enuy,Envy
to,to
the,the
heart,heart
PORTLAND,PORTLAND
STONE,STONE
IN,IN
Pauls,Paul's
Church-yard,Churchyard
E'Re,e'er
since,since
the,the
Architect,Architect
of,of
Heauens,Heaven's
faire,fair
frame,frame
Did,Did
make,make
the,the
World,World
and,and
Man,Man
to,to
vse,use
the,the
same,same
In,In
Earths,Earth's
wide,wide
wombe,womb
as,as
in,in
our,our
nat'rall,natural
bed,bed
We,We
haue,have
beene,been
hid,hid
conceal'd,concealed
and,and
couered,covered
Where,Where
many,many
thousand,thousand
ships,ships
haue,have
sailed,sailed
by,by
But,But
knew,knew
vs,us
not,not
and,and
therefore,therefore
let,let
vs,us
lye,lie
Till,Till
at,at
the,the
last,last
and,and
very,very
lately,lately
too,too
Some,Some
Builders,Bvilder's
hauing,having
building,building
worke,work
to,to
doe,do
And,And
time,time
be'ing,being
come,come
we,we
could,could
no,no
longer,longer
tarry,tarry
But,But
must,must
be,be
borne,borne
from,from
out,out
our,our
earthly,earthly
quarry,quarry
We,We
were,were
discouer'd,discovered
and,and
to,to
London,London
sent,sent
And,And
by,by
good,good
Artists,Artists
tryde,tried
incontinent,incontinent
Who,Who
finding,finding
vs,us
in,in
all,all
things,things
firme,firm
sound,sound
Fairer,Fairer
and,and
greater,greater
then,than
else-where,elsewhere
are,are
found,found
Fitter,Fitter
for,for
cariage,carriage
and,and
more,more
sure,sure
for,for
weather,weather
Then,Then
Oxford,Oxford
Ancaster,Ancaster
or,or
Beerstone,Beerstone
eyther,either
Did,Did
well,well
approue,approve
our,our
worth,worth
aboue,above
them,them
All,All
Vnto,Unto
the,the
King,King
for,for
seruice,service
at,at
White-hall,Whitehall
Where,Where
being,being
quickly,quickly
come,come
as,as
quickly,quickly
we,we
Had,Had
welcome,welcome
to,to
his,his
Sacred,Sacred
Maiesty,Majesty
And,And
for,for
our,our
humblenesse,humbleness
full,full
many,many
a,a
day,day
Were,Were
still,still
exalted,exalted
highest,highest
euery,every
way,way
In,In
workes,works
of,of
most,most
perspicuous,perspicuous
Eminence,Eminence
Which,Which
in,in
all,all
buildings,buildings
haue,have
preheminence,pre-eminence
As,As
Columnes,Columns
Cornish,Cornish
Capitals,Capitals
and,and
Basis,Basis
In,In
Fillets,Fillets
Frise,Frise
in,in
Ornaments,Ornaments
and,and
Facis,Facis
In,In
Architraues,Architraves
in,in
Pedistals,Pedestals
and,and
Pillars,Pillars
And,And
as,as
the,the
onely,only
best,best
of,of
our,our
well-willers,well-willers
Highnesse,Highness
now,now
our,our
seruice,service
doth,doth
preferre,prefer
Vnto,Unto
the,the
Church,Church
to,to
ioyne,join
and,and
dwell,dwell
with,with
Her,Her
So,So
that,that
from,from
one,one
good,good
Montaigne,Montaigne
to,to
another,another
And,And
from,from
our,our
Mother-earth,Mother-earth
to,to
this,this
Church-mother,Church-mother
We,We
come,come
apace,apace
and,and
are,are
preparing,preparing
aye,aye
To,To
cure,cure
her,her
euils,evils
and,and
her,her
great,great
decay,decay
To,To
be,be
her,her
front,front
her,her
bulwarke,bulwark
and,and
defence,defence
also,also
to,to
renue,renew
her,her
excellence,excellence
Where,Where
Hymnes,Hymns
and,and
Haleluiahs,Hallelujahs
shall,shall
be,be
sung,sung
With,With
praises,praises
to,to
the,the
Lord,Lord
by,by
old,old
and,and
young,young
From,From
day,day
to,to
day,day
and,and
so,so
from,from
yeare,year
to,to
yeare,year
Till,Till
Christ,Christ
his,his
second,second
comming,coming
doth,doth
appeare,appear
O,O
happy,happy
age,age
wherein,wherein
such,such
things,things
are,are
done,done
Thrice,Thrice
happy,happy
we,we
that,that
now,now
may,may
see,see
the,the
Sunne,Sun
And,And
be,be
vnited,united
to,to
this,this
sacred,sacred
place,place
A,A
grace,grace
to,to
vs,us
beyond,beyond
all,all
other,other
grace,grace
For,For
thus,thus
wee,we
know,know
the,the
truth,truth
of,of
truest,truest
story,story
All,All
that,that
God,God
made,made
he,he
made,made
for,for
his,his
owne,own
glory,glory
And,And
at,at
one,one
time,time
or,or
other,other
come,come
to,to
light,light
To,To
doe,do
man,man
seruice,service
and,and
their,their
Maker,Maker
right,right
That,That
very,very
senslesse,senseless
things,things
may,may
him,him
adore,adore
And,And
magnifie,magnify
his,his
holy,holy
Name,Name
therefore,therefore
O,O
Blessed,Blessed
God,God
preserue,preserve
our,our
Royall,Royal
Iames,james
honor,honour
his,his
name,name
among,among
the,the
honor'd,honoured
names,names
Of,Of
best,best
precedent,precedent
Kings,Kings
that,that
euer,ever
stood,stood
Renown'd,Renowned
for,for
Wisedome,Wisdom
and,and
for,for
doing,doing
good,good
Make,Make
him,him
a,a
second,second
Salomon,Solomon
a,a
peerlesse,peerless
Iemme,gem
In,In
these,these
his,his
Kingdomes,Kingdoms
this,this
his,his
Ierusalem,jerusalem
Lengthen,Lengthen
his,his
dayes,days
his,his
treasure,treasure
still,still
increase,increase
And,And
let,let
him,him
liue,live
and,and
dye,dye
a,a
King,King
of,of
peace,peace
So,So
blesse,bless
O,O
Lord,Lord
our,our
high,high
mighty,mighty
Charles,Charles
And,And
then,then
the,the
names,names
of,of
Barons,Barons
Peers,Peers
and,and
Earles,Earls
The,The
worthy,worthy
Knights,Knights
and,and
Gentry,Gentry
of,of
this,this
Land,Land
That,That
to,to
this,this
Worke,Work
doe,do
set,set
their,their
helping,helping
hand,hand
The,The
Bishops,Bishops
Clergy,Clergy
Citie,City
Country,Country
All,All
And,And
as,as
our,our
duties,duties
binde,bind
in,in
speciall,special
This,This
Reu'rend,Reverend
Bishop,Bishop
for,for
his,his
loue,love
to,to
vs,us
Let,Let
him,him
be,be
famous,famous
as,as
MAVRITIVS,MAURITIUS
Anno,Anno
This,This
Church,Church
of,of
Saint,Saint
Paul,Paul
was,was
much,much
wasted,wasted
by,by
fire,fire
and,and
worthy,worthy
Mauritius,Mauritius
here,here
mentioned,mentioned
then,than
Bishop,Bishop
of,of
London,London
beganne,began
a,a
new,new
foundation,foundation
thereof,thereof
in,in
manner,manner
as,as
now,now
it,it
is,is
vpon,upon
Arches,Arches
and,and
Vaults,Vaults
of,of
stone,stone
for,for
defence,defence
of,of
fire,fire
In,In
which,which
worke,work
he,he
continued,continued
a,a
constant,constant
and,and
a,a
bountifull,bountiful
Benefactor,Benefactor
for,for
yeares,years
together,together
and,and
then,then
dyed,died
After,After
him,him
viz,viz
Anno,Anno
succeeded,succeeded
Bishop,Bishop
who,who
wonderfully,wonderfully
encreased,increased
the,the
same,same
Church,Church
for,for
yeares,years
more,more
purchasing,purchasing
at,at
his,his
owne,own
costs,costs
the,the
large,large
Streets,Streets
and,and
Lanes,Lanes
round,round
about,about
it,it
which,which
he,he
beganne,began
to,to
compasse,compass
about,about
with,with
a,a
strong,strong
wall,wall
of,of
stone,stone
and,and
Gates,Gates
Long,Long
liu'd,lived
as,as
Nestor,Nestor
and,and
in,in
euery,every
way,way
Happy,Happy
and,and
prosperous,prosperous
till,till
his,his
dying,dying
day,day
That,That
still,still
he,he
may,may
this,this
famous,famous
Church,Church
aduance,advance
In,In
gaining,gaining
her,her
both,both
Coine,Coin
and,and
Countenance,Countenance
Till,Till
such,such
a,a
noble,noble
Register,Register
be,be
seene,seen
Of,Of
Benefactors,Benefactors
as,as
hath,hath
neuer,never
beene,been
In,In
any,any
age,age
or,or
any,any
worke,work
before,before
And,And
till,till
he,he
say,say
Enough,Enough
there,there
needs,needs
no,no
more,more
And,And
cause,cause
no,no
mourning,mourning
in,in
our,our
streets,streets
may,may
be,be
With,With
such,such
as,as
feare,fear
demolishment,demolishment
to,to
see,see
Lord,Lord
for,for
thy,thy
Names,Names
sake,sake
let,let
it,it
be,be
thy,thy
pleasure,pleasure
The,The
rather,rather
to,to
encrease,increase
that,that
pious,pious
Treasure,Treasure
That,That
euery,every
one,one
may,may
haue,have
some,some
satisfaction,satisfaction
To,To
gaine,gain
their,their
prayers,prayers
in,in
so,so
good,good
an,an
action,action
And,And
that,that
two,two
Noble,Noble
workes,works
together,together
may,may
Be,Be
brauely,bravely
done,done
to,to
all,all
TRUE,TRUE
Subiects,Subject's
ioy,joy
And,And
through,through
the,the
world,world
this,this
fame,fame
may,may
euer,ever
ring,ring
Pitty,Pity
did,did
raigne,reign
in,in
Bishop,Bishop
Lord,Lord
and,and
King,King
Mercy,Mercy
and,and
Iustice,justice
were,were
so,so
met,met
in,in
one,one
That,That
Iustice,justice
scarce,scarce
from,from
Mercy,Mercy
could,could
be,be
knowne,known
So,So
for,for
a,a
Nation,Nation
pittifull,pitiful
and,and
loyall,loyal
Great,Great
Britaine,Britain
shall,shall
winne,win
praise,praise
past,past
all,all
deniall,denial
No,No
man,man
shall,shall
need,need
to,to
grieue,grieve
or,or
to,to
lament,lament
For,For
's,'s
place,place
of,of
Custome,Custom
or,or
Demolishment,Demolishment
And,And
blessings,blessings
many,many
will,will
the,the
Worke,Work
attend,attend
From,From
the,the
beginning,beginning
to,to
the,the
very,very
end,end
But,But
yet,yet
though,though
pitty,pity
here,here
we,we
doe,do
request,request
That,That
none,none
may,may
thinke,think
themselues,themselves
too,too
much,much
opprest,oppressed
Let,Let
such,such
as,as
must,must
depart,depart
their,their
houses,houses
know,know
No,No
winde,wind
so,so
calme,calm
or,or
warme,warm
did,did
euer,ever
blow,blow
Nor,Nor
euer,ever
was,was
a,a
Worke,Work
so,so
good,good
as,as
this,this
But,But
that,that
with,with
some,some
it,it
blew,blue
or,or
went,went
amisse,amiss
Then,Then
sith,sith
herein,herein
the,the
wind,wind
blowes,blows
somwhat,somewhat
ill,ill
For,For
such,such
as,as
ioyne,join
to,to
Pauls,Paul's
against,against
her,her
will,will
That,That
haue,have
impair'd,impaired
her,her
strength,strength
by,by
vaults,vaults
cellars,cellars
To,To
make,make
more,more
roome,room
for,for
Buyers,Buyers
and,and
for,for
Sellers,Sellers
Let,Let
them,them
with,with
patience,patience
endure,endure
some,some
losse,loss
And,And
for,for
the,the
Worke,Work
sake,sake
beare,bear
a,a
little,little
crosse,cross
Not,Not
grudgingly,grudgingly
or,or
by,by
pronouncing,pronouncing
wrong,wrong
Cause,Cause
ther,there
's,'s
their,their
Custom,Custom
there,there
they,they
liued,lived
long,long
though,though
desire,desire
of,of
gaine,gain
's,'s
a,a
grieuous,grievous
Tempter,Tempter
There,There
is,is
a,a
Prouerb,Proverb
bids,bids
them,them
Caueat,Caveat
Emptor,Emptor
And,And
ne'rethelesse,nevertheless
their,their
Custome,Custom
and,and
their,their
trade,trade
This,This
House,House
of,of
God,God
must,must
new,new
againe,again
be,be
made,made
Was,Was
it,it
not,not
example,example
scurrilous,scurrilous
and,and
rude,rude
At,At
first,first
to,to
grant,grant
that,that
trades,trades
should,should
there,there
intrudel,intrudel
Nay,Nay
are,are
they,they
not,not
accursed,accursed
that,that
did,did
yeeld,yield
To,To
make,make
Gods,Gods
Courts,Courts
a,a
merchandizing,merchandizing
field,field
May,May
we,we
not,not
call,call
them,them
beasts,beasts
euen,even
to,to
their,their
faces,faces
That,That
like,like
bruit,bruit
beasts,beasts
defile,defile
such,such
sacred,sacred
places,places
Things,Things
consecrated,consecrated
vnto,unto
vses,uses
Is,Is
't,'t
fit,fit
that,that
they,they
should,should
suffer,suffer
foule,foul
abuses,abuses
Is,Is
there,there
no,no
ciuill,civil
difference,difference
or,or
ods,odds
Twixt,'twixt
cleane,clean
and,and
vnclean,unclean
things,things
mans,man's
house,house
Gods,Gods
Shold,Should
Christians,Christians
bones,bones
be,be
dig'd,digged
out,out
of,of
their,their
graues,graves
And,And
laid,laid
with,with
dogs,dogs
bones,bones
in,in
the,the
fields,fields
by,by
knaues,knaves
That,That
so,so
more,more
roome,room
vnder,under
the,the
Church,Church
foundation,foundation
May,May
be,be
for,for
A-iaxe,Ajax
in,in
a,a
beastly,beastly
fashion,fashion
No,No
easment,easement
but,but
against,against
the,the
Temple-wals,Temple-wals
No,No
other,other
place,place
to,to
pisse,piss
or,or
make,make
Laystals,Laystals
No,No
way,way
to,to
passe,pass
with,with
burthens,burdens
but,but
throgh,through
Pauls,Paul's
wher,where
burthend,burdened
consciences,consciences
shold,should
ease,ease
their,their
soules,souls
And,And
'cause,'cause
she,she
is,is
materiall,material
as,as
men,men
tearme,term
her,her
Is,Is
it,it
materiall,material
therefore,therefore
they,they
should,should
harme,harm
her,her
Looke,Look
well,well
about,about
thee,thee
Reader,Reader
and,and
then,then
see,see
Whether,Whether
such,such
things,things
as,as
these,these
ought,aught
so,so
to,to
be,be
And,And
after,after
due,due
consideration,consideration
had,had
then,then
tell,tell
If,If
therewithall,therewithal
God,God
can,can
be,be
pleased,pleased
well,well
Or,Or
if,if
there,there
doe,do
belong,belong
no,no
curse,curse
or,or
woe,woe
To,To
such,such
as,as
first,first
gaue,gave
way,way
to,to
wrong,wrong
her,her
so,so
Or,Or
if,if
it,it
were,were
a,a
credit,credit
to,to
our,our
Nation,Nation
At,At
all,all
to,to
grant,grant
so,so
base,base
a,a
toleration,toleration
For,For
we,we
doe,do
know,know
thou,thou
wilt,wilt
agree,agree
with,with
vs,us
To,To
hold,hold
it,it
vile,vile
and,and
sacrilegious,sacrilegious
And,And
all,all
good,good
men,men
that,that
after,after
looke,look
vpon,upon
her,her
Will,Will
say,say
't,'t
is,is
to,to
this,this
Land,Land
a,a
great,great
dishonor,dishonour
O,O
that,that
we,we
had,had
such,such
gifts,gifts
of,of
tongue,tongue
and,and
pen,pen
As,As
there,there
is,is
giuen,given
to,to
some,some
sonnes,sons
of,of
Men,Men
That,That
by,by
perswasiue,persuasive
reasons,reasons
we,we
might,might
winne,win
Th',Th'
abusers,abusers
of,of
Gods,God's
house,house
to,to
know,know
their,their
sinne,sin
That,That
with,with
their,their
Soules,Souls
they,they
might,might
no,no
longer,longer
flatter,flatter
But,But
vnderstand,understand
it,it
is,is
a,a
haynous,heinous
matter,matter
And,And
will,will
be,be
punished,punished
before,before
mens,men's
eyes,eyes
When,When
all,all
things,things
wronged,wronged
shall,shall
in,in
iudgment,judgement
rise,rise
But,But
we,we
are,are
blockish,blockish
yet,yet
not,not
past,past
our,our
letters,letters
And,And
being,being
diuine,divine
we,we
leaue,leave
it,it
to,to
our,our
Betters,Betters
SO,SO
now,now
you,you
Workmen,Workmen
listen,listen
what,what
we,we
say,say
You,You
are,are
so,so
call'd,called
by,by
work,work
and,and
not,not
by,by
play,play
If,If
euer,ever
you,you
were,were
Masters,Masters
of,of
your,your
Trade,Trade
Make,Make
this,this
best,best
Master-peece,Masterpiece
that,that
ere,ere
you,you
made,made
'T,'T
is,is
for,for
the,the
Church,Church
and,and
therefore,therefore
doe,do
not,not
spare,spare
Your,Your
best,best
aduice,advice
skill,skill
diligence,diligence
and,and
care,care
And,And
as,as
some,some
wayes,ways
you,you
stand,stand
on,on
reputation,reputation
So,So
labour,labour
now,now
to,to
get,get
the,the
commendation,commendation
Not,Not
for,for
precedency,precedency
lest,lest
then,then
you,you
erre,err
For,For
all,all
s,s
one,one
here,here
both,both
Free,Free
and,and
Forreyner,Forreyner
And,And
as,as
she,she
doth,doth
receiue,receive
all,all
sorts,sorts
to,to
prayer,prayer
So,So
any,any
Worke-man,Workman
any,any
good,good
Surueyor,Surveyor
She,She
may,may
retaine,retain
to,to
gaine,gain
her,her
Reparation,Reparation
As,As
for,for
the,the
Church,Church
is,is
vs'd,used
in,in
euery,every
Nation,Nation
And,And
yet,yet
we,we
hold,hold
it,it
were,were
both,both
sinne,sin
and,and
pitty,pity
Sith,Sith
Work-men,Workmen
liue,live
in,in
this,this
renowned,renowned
Citie,City
Good,Good
Artists,Artists
honest,honest
paying,paying
scot,scot
and,and
lot,lot
If,If
more,more
then,than
others,others
they,they
should,should
be,be
forgot,forgot
But,But
rather,rather
be,be
preferr'd,preferred
in,in
some,some
degree,degree
Before,Before
a,a
Stranger,Stranger
whatsoe're,whatsoever
he,he
be,be
And,And
'cause,'cause
our,our
Writer,Writer
a,a
poore,poor
Free-man,Freeman
is,is
We,We
hope,hope
these,these
words,words
no,no
man,man
can,can
take,take
amisse,amiss
For,For
what,what
he,he
write's,writes
according,according
to,to
his,his
oath,oath
Which,Which
to,to
infringe,infringe
we,we
know,know
he,he
will,will
be,be
loath,loath
That,That
is,is
the,the
Cities,City's
honor,honour
to,to
maintaine,maintain
And,And
also,also
to,to
aduance,advance
Her,Her
honest,honest
gaine,gain
So,So
once,once
againe,again
we,we
doe,do
reuiue,revive
our,our
Muse,Muse
And,And
to,to
all,all
workmen,workmen
doe,do
more,more
counsell,counsel
vse,use
Learne,Learn
by,by
the,the
Scriptures,Scriptures
what,what
you,you
ought,ought
to,to
doe,do
Let,Let
them,them
direct,direct
your,your
hands,hands
and,and
conscience,conscience
to,to
Ezra,Ezra
Ne'miah,Ne'miah
Chronicles,Chronicles
and,and
Kings,Kings
And,And
Haggai,Haggai
will,will
shew,show
you,you
many,many
things,things
How,How
iustly,justly
men,men
did,did
worke,work
about,about
the,the
Temple,Temple
Which,Which
there,there
is,is
Registred,Registered
for,for
your,your
example,example
And,And
with,with
what,what
ioy,joy
and,and
loue,love
they,they
did,did
proceed,proceed
The,The
Booke,Book
of,of
God,God
will,will
shew,show
you,you
if,if
you,you
reade,read
For,For
happy,happy
was,was
that,that
man,man
that,that
could,could
deuise,devose
Most,Most
curious,curious
worke,work
to,to
grace,grace
that,that
Edifice,Edifice
Or,Or
hee,he
whose,whose
purse,purse
or,or
person,person
could,could
present,present
Ought,Aught
that,that
might,might
help,help
to,to
make,make
Her,Her
excellent,excellent
Lead,Led
timber,timber
stone,stone
brasse,brass
iron,iron
some,some
men,men
gaue,gave
Some,Some
lyme,lime
some,some
sand,sand
some,some
glasse,glass
to,to
make,make
her,her
braue,brave
And,And
Laborers,Laborers
like,like
Bees,Bees
did,did
labor,labour
truly,truly
Obseruing,Observing
all,all
their,their
times,times
and,and
houres,hours
most,most
duly,duly
Then,Then
if,if
your,your
owne,own
gaine,gain
you,you
doe,do
only,only
plod,plod
You,You
are,are
vnworthy,unworthy
for,for
the,the
House,House
of,of
God,God
For,For
if,if
you,you
worke,work
by,by
taske-worke,taskworke
or,or
by,by
day,day
Your,Your
pay,pay
shall,shall
be,be
as,as
iust,just
as,as
ere,ere
was,was
pay,pay
And,And
therefore,therefore
't,'t
is,is
expected,expected
you,you
should,should
bee,be
Not,Not
sparing,sparing
in,in
your,your
worke,work
but,but
francke,frank
and,and
free,free
Some,Some
men,men
there,there
are,are
will,will
maintain,maintain
to,to
ones,ones
face,face
But,But
such,such
we,we
hold,hold
both,both
lewd,lewd
and,and
very,very
base,base
That,That
in,in
a,a
worke,work
for,for
King,King
or,or
Church,Church
they,they
may,may
Trifle,Trifle
the,the
time,time
by,by
loytring,loitering
and,and
delay,delay
Some,Some
will,will
be,be
working,working
hard,hard
but,but
when,when
d',d'
ee,ye
thinke,think
Iust,Just
when,when
they,they
haue,have
no,no
come,come
or,or
trust,trust
for,for
drinke,drink
Or,Or
when,when
the,the
Clocke,Clock
is,is
neare,near
the,the
stroke,stroke
eleuen,eleven
And,And
say,say
they,they
haue,have
so,so
wrought,wrought
e're,e'er
since,since
't,'t
was,was
seauen,seven
Or,Or
when,when
some,some
Officer,Officer
they,they
doe,do
espie,espy
That,That
otherwise,otherwise
cashiers,cashiers
them,them
presently,presently
Some,Some
with,with
their,their
Rules,Rules
do,do
fidle,fiddle
vp,up
and,and
downe,down
As,As
if,if
they,they
did,did
more,more
worke,work
then,than
all,all
the,the
towne,town
But,But
mark,mark
them,them
wel,well
giue,give
them,them
their,their
due,due
check,check
For,For
one,one
weeks,week's
work,work
almost,almost
three,three
daies,days
they,they
lack,lack
Some,Some
spend,spend
much,much
time,time
in,in
finding,finding
fault,fault
and,and
so,so
To,To
picke,pick
a,a
thanke,thank
will,will
nimbly,nimbly
runne,run
or,or
goe,go
Till,Till
at,at
the,the
last,last
the,the
seed,seed
which,which
they,they
haue,have
sowne,sown
Brings,Brings
forth,forth
a,a
fruit,fruit
more,more
fit,fit
to,to
be,be
their,their
owne,own
Some,Some
haue,have
the,the
gift,gift
of,of
working,working
more,more
then,than
some,some
Vntill,Until
a,a
holiday,holiday
or,or
Sunday,Sunday
come,come
But,But
then,than
what,what
they,they
haue,have
got,got
sixe,six
dayes,days
before,before
They,They
will,will
consume,consume
it,it
if'twere,if'twere
ten,ten
times,times
more,more
Mean,Mean
while,while
poor,poor
wines,wines
children,children
liue,live
ful,full
bare,bare
Hoping,Hoping
when,when
husbands,husbands
come,come
of,of
better,better
fare,fare
And,And
they,they
returne,return
when,when
all,all
the,the
worke,work
is,is
done,done
As,As
poore,poor
as,as
Iob,job
or,or
as,as
the,the
Vnthrist,Unthrift
Sonne,Son
Some,Some
haue,have
their,their
jobs,jobs
to,to
doe,do
in,in
other,other
places,places
And,And
so,so
they,they
worke,work
like,like
Ianus,janus
with,with
two,two
faces,faces
And,And
from,from
that,that
taske,task
that,that
longest,longest
will,will
remaine,remain
They,They
oftentimes,oftentimes
an,an
houre,hour
or,or
two,two
will,will
gaine,gain
But,But
hee,he
that,that
in,in
this,this
worke,work
proues,proves
such,such
a,a
lobber,lobber
Is,Is
but,but
a,a
kinde,kind
of,of
Sacrilegious,Sacrilegious
Robber,Robber
Others,Others
at,at
euery,every
one,one
that,that
by,by
them,them
walke,walk
Will,Will
to,to
their,their
fellowes,fellows
haue,have
some,some
thing,thing
to,to
talke,talk
while,while
their,their
tongues,tongues
are,are
tatling,tattling
't,'t
is,is
their,their
course,course
To,To
hold,hold
their,their
hands,hands
and,and
that,that
is,is
ten,ten
times,times
worse,worse
So,So
there,there
are,are
other,other
some,some
that,that
for,for
a,a
need,need
When,When
hempe,hemp
is,is
scarce,scarce
will,will
onely,only
buy,buy
gape-seed,gape-seed
And,And
looke,look
about,about
as,as
if,if
nought,nought
were,were
their,their
taske,task
But,But
for,for
to,to
answer,answer
all,all
that,that
men,men
will,will
aske,ask
And,And
thinke,think
it,it
is,is
a,a
colour,colour
fit,fit
t',t'
excuse,excuse
The,The
precious,precious
time,time
they,they
wrongfully,wrongfully
abuse,abuse
These,These
like,like
some,some
Schollers,Scholars
that,that
are,are
sent,sent
to,to
schools,schools
Haue,Have
a,a
good,good
conscience,conscience
though,though
not,not
little,little
fooles,fools
And,And
make,make
Pauls-worke,Pauls-worke
the,the
Prouerb,Proverb
TRUE,TRUE
doth,doth
stand,stand
Of,Of
euery,every
little,little
thing,thing
they,they
take,take
in,in
hand,hand
With,With
whom,whom
to,to
liue,live
a,a
faithfull,faithful
Clarke,Clerk
a,o'
th',th'
works,works
As,As
good,good
goe,go
dwell,dwell
with,with
Saracens,Saracens
and,and
Turkes,Turks
But,But
now,now
we,we
thinke,think
no,no
man,man
will,will
be,be
so,so
rude,rude
And,And
thus,thus
in,in
charitie,charity
wee,we
doe,do
conclude,conclude
FINIS,FINIS
Pauls,Paul's
merrily,merrily
yet,yet
modestly,modestly
IF,IF
Preachers,Preachers
now,now
will,will
speake,speak
for,for
me,me
In,In
Parish-Churches,Parish-Churches
where,where
they,they
be,be
And,And
all,all
good,good
hearts,hearts
agree,agree
in,in
one,one
Then,Then
farewell,farewell
my,my
Complaint,Complaint
and,and
moane,moan
Our,Our
good,good
King,King
Iames,james
he,he
hath,hath
begunne,begun
And,And
eke,eke
Prince,Prince
Charles,Charles
his,his
onely,only
Sonne,Son
With,With
many,many
','
a,a
Noble,Noble
Lord,Lord
and,and
Peere,Peer
To,To
giue,give
me,me
money,money
euery,every
yeere,year
O,O
follow,follow
such,such
braue,brave
Leaders,Leaders
then,then
All,All
you,you
braue-minded,brave-minded
English-men,Englishmen
For,For
what,what
you,you
giue,give
it,it
is,is
not,not
lost,lost
But,But
brings,brings
a,a
blessing,blessing
for,for
your,your
cost,cost
So,So
Portland,Portland
stone,stone
sith,sith
you,you
are,are
come,come
To,To
ioyne,join
with,with
me,me
till,till
day,day
of,of
doome,doom
Vntill,Until
that,that
day,day
we,we
will,will
be,be
friends,friends
And,And
wish,wish
them,them
good,good
that,that
good,good
intends,intends
Certaine,Certain
Additions,Additions
of,of
the,the
Author,Author
as,as
they,they
were,were
giuen,given
to,to
the,the
King,King
and,and
Prince,Prince
in,in
the,the
Parliament-time,Parliament-time
last,last
and,and
at,at
the,the
Christmas,Christmas
following,following
CHrist,CHrist
the,the
Beloued,Beloved
of,of
the,the
King,King
of,of
Kings,Kings
Apparant,Apparent
Heire,Heir
of,of
Heau'ns,Heavens
rich,rich
Diadem,Diadem
Reioyce,Rejoice
the,the
Heart,Heart
and,and
Spirit,Spirit
in,in
all,all
things,things
Of,Of
this,this
faire,fair
Branch,Branch
of,of
our,our
most,most
Royall,Royal
Stemme,Stem
Long,Long
Life,Life
good,good
Wife,Wife
sweet,sweet
Iesus,jesus
giue,give
to,to
Him,Him
Vnto,Unto
His,His
present,present
Age,Age
and,and
day,day
of,of
Birth,Birth
Send,Send
Him,Him
all,all
Blessings,Blessings
both,both
of,of
Heau'n,Heaven
Earth,Earth
PRotect,PRotect
Him,Him
by,by
thy,thy
Power,Power
Omnipotent,Omnipotent
Renowne,Renown
Him,Him
in,in
the,the
Court,Court
of,of
Parliament,Parliament
Instruct,Instruct
Him,Him
by,by
the,the
Wisdome,Wisdom
from,from
aboue,above
Neuer,Never
be,be
absent,absent
from,from
Him,Him
in,in
thy,thy
Loue,Love
Crowne,Crown
Him,Him
with,with
Triumphs,Triumphs
and,and
great,great
victories,victories
Euer,Ever
confound,confound
or,or
turne,turn
His,His
Enemies,Enemies
Prosper,Prosper
His,His
going,going
out,out
and,and
comming,coming
in,in
Saue,Save
Him,Him
in,in
all,all
assaults,assaults
of,of
deadly,deadly
Sin,Sin
Amen,Amen
IN,IN
sixteene,sixteen
hundred,hundred
Twenty,Twenty
one,one
A,A
yeare,year
you,you
may,may
remember,remember
Prince,Prince
Charles,Charles
was,was
aged,aged
Twenty,Twenty
one,one
The,The
Nineteenth,Nineteenth
of,of
Nouember,November
The,The
Nineteenth,Nineteenth
yeare,year
of,of
IAMES,JAMES
our,our
His,His
peacefull,peaceful
happy,happy
Raigne,Reign
God,God
blesse,bless
Them,Them
both,both
and,and
Their,Their
Offspring,Offspring
Till,Till
SHILO,SHILO
come,come
againe,again
He,He
that,that
did,did
write,write
for,for
Pauls,Paul's
nam'd,named
Henry,Henry
Prayes,Prays
thus,thus
for,for
Them,Them
and,and
so,so
will,will
late,late
and,and
early,early
FINIS,FINIS
