made,made
and,and
preached,preached
BY,BY
FEATLY,FEATLY
nobilium,nobilium
exaltatio,exaltatio
LONDON,LONDON
Printed,Printed
by,by
for,for
Nicholas,Nicholas
Bourne,Bourne
and,and
are,are
to,to
be,be
sold,sold
at,at
his,his
shop,shop
at,at
the,the
South,South
entrance,entrance
of,of
the,the
Royall,Royal
Exchange,Exchange
TO,TO
THE,THE
RIGHT,RIGHT
WORSHIPFVLL,WORSHIPFUL
Sir,Sir
THOMAS,THOMAS
WARNER,WARNER
Knight,Knight
Super-intendent,Superintendent
of,of
the,the
Ilands,Lands
of,of
Saint,Saint
Christopher,Christopher
and,and
Metalina,Metalina
in,in
the,the
Province,Province
of,of
Carlile,Carlisle
in,in
the,the
West-Indiaes,West-Indiaes
my,my
much,much
honored,honoured
friend,friend
Worthy,Worthy
Sir,Sir
GOodnes,Goodness
knowe's,knows
as,as
well,well
how,how
to,to
accept,accept
the,the
service,service
of,of
humility,humility
as,as
to,to
merit,merit
it,it
Your,Your
courtesies,courtesies
challenge,challenge
my,my
thanks,thanks
and,and
your,your
love,love
my,my
affection,affection
J,I
have,have
here,here
taught,taught
the,the
World,World
what,what
J,I
should,should
rather,rather
than,than
what,what
J,I
can,can
performe,perform
Thus,Thus
J,I
acknowledge,acknowledge
the,the
rules,rules
of,of
gratitude,gratitude
and,and
my,my
desire,desire
to,to
observe,observe
them,them
Let,Let
it,it
be,be
your,your
favour,favour
to,to
entertaine,entertain
this,this
expression,expression
your,your
glory,glory
to,to
countenance,countenance
it,it
Vpon,Upon
this,this
hope,hope
I,I
have,have
ventured,ventured
upon,upon
a,a
vulgar,vulgar
censure,censure
and,and
what,what
was,was
intended,intended
to,to
be,be
stifeled,stifled
in,in
an,an
hower,hour
now,now
prostitutes,prostitutes
it selfe,itself
to,to
an,an
If,If
the,the
subiect,subject
please,please
not,not
the,the
Readers,Readers
let,let
them,them
remember,remember
't,'t
is,is
Scripture,Scripture
If,If
not,not
the,the
Sermon,Sermon
J,I
confesse,confess
't,'t
is,is
mine,mine
So,So
all,all
the,the
faults,faults
may,may
be,be
favourably,favourably
corrected,corrected
because,because
freely,freely
acknowledged,acknowledged
J,I
that,that
am,am
the,the
Father,Father
of,of
this,this
weakenesse,weakness
professe,profess
my selfe,myself
the,the
admirer,admirer
of,of
better,better
and,and
shall,shall
strive,strive
to,to
imitate,imitate
when,when
the,the
severest,severest
censurer,censurer
will,will
set,set
me,me
a,a
copie,copy
To,To
require,require
a,a
Master-piece,Masterpiece
of,of
learning,learning
and,and
iudgement,judgement
from,from
the,the
least,least
of,of
the,the
Apostles,Apostles
is,is
to,to
forget,forget
discretion,discretion
by,by
expecting,expecting
a,a
miracle,miracle
Let,Let
the,the
World,World
rest,rest
satisfied,satisfied
that,that
for,for
your,your
sake,sake
this,this
atom,atom
is,is
espied,espied
in,in
the,the
rayes,rays
of,of
our,our
Sunne,Sun
and,and
emboldened,emboldened
by,by
your,your
importunities,importunities
To,To
you,you
therefore,therefore
I,I
addresse,address
my selfe,myself
desiring,desiring
your,your
acceptance,acceptance
both,both
of,of
this,this
and,and
the,the
Author,Author
Your,Your
faithfull,faithful
Friend,Friend
to,to
serve,serve
you,you
IOHN,JOHN
FEATLY,FEATLY
THE,THE
HONOVR,HONOUR
OF,OF
CHASTITY,CHASTITY
GENESIS,GENESIS
How,How
can,can
I,I
doe,do
this,this
great,great
wickednesse,wickedness
and,and
sinne,sin
against,against
God,God
HVmane,HVmane
policie,policy
is,is
the,the
life,life
of,of
the,the
unsanctified,unsanctified
but,but
religious,religious
is,is
the,the
life,life
of,of
the,the
regenerate,regenerate
The,The
former,former
plotting,plotting
for,for
the,the
deceitfull,deceitful
riches,riches
of,of
this,this
World,World
the,the
latter,latter
rewarding,rewarding
with,with
a,a
Crowne,Crown
immortall,immortal
'T,'T
is,is
no,no
taske,task
then,then
of,of
impossibility,impossibility
to,to
determine,determine
which,which
of,of
the,the
two,two
shall,shall
best,best
deserve,deserve
our,our
approbation,approbation
For,For
the,the
one,one
just,just
like,like
a,a
Parenthesis,Parenthesis
giveth,giveth
light,light
onely,only
to,to
the,the
sentence,sentence
of,of
the,the
other,other
The,The
same,same
support's,support's
with,with
a,a
bladder,bladder
only,only
exposed,exposed
to,to
the,the
hazard,hazard
of,of
the,the
smallest,smallest
flaw,flaw
the,the
other,other
is,is
an,an
Arke,Ark
which,which
carrieth,carrieth
us,us
safely,safely
to,to
the,the
cape,cape
of,of
felicity,felicity
Dignori,Dignori
detur,detur
Let,Let
the,the
honour,honour
then,then
bee,be
given,given
not,not
to,to
Pan,Pan
but,but
to,to
Apollo,Apollo
not,not
to,to
humane,humane
devices,devices
but,but
to,to
religion,religion
and,and
let,let
each,each
indifferent,indifferent
Judge,Judge
censure,censure
that,that
grosse,gross
ear'd,eared
Midas,Midas
whose,whose
impiety,impiety
or,or
ignorance,ignorance
devote's,devotes
him,him
to,to
error,error
Ioseph,joseph
in,in
my,my
Text,Text
shall,shall
bee,be
the,the
just,just
deligate,deligate
and,and
arbitrate,arbitrate
the,the
matter,matter
contrary,contrary
to,to
custome,custom
without,without
any,any
sinister,sinister
corruption,corruption
Had,Had
not,not
he,he
been,been
as,as
pious,pious
to,to
his,his
God,God
as,as
just,just
to,to
his,his
Master,Master
he,he
might,might
peradventure,peradventure
have,have
stollen,stolen
a,a
fall,fall
through,through
impiety,impiety
to,to
deprive,deprive
him,him
at,at
once,once
both,both
of,of
chastity,chastity
and,and
honour,honour
But,But
't,'t
was,was
the,the
plot,plot
of,of
his,his
religion,religion
to,to
preserve,preserve
him,him
honest,honest
that,that
hee,he
might,might
remaine,remain
fortunate,fortunate
Hee,He
that,that
was,was
at,at
first,first
rejected,rejected
by,by
his,his
brethren,brethren
was,was
received,received
by,by
the,the
Ismaelites,Ismaelites
and,and
't,'t
was,was
the,the
chance,chance
of,of
chance,chance
to,to
make,make
him,him
happy,happy
when,when
hee,he
expected,expected
misery,misery
His,His
bondage,bondage
instead,instead
of,of
servility,servility
became,became
a,a
freedome,freedom
His,His
slavery,slavery
was,was
soone,soon
converted,converted
into,into
liberty,liberty
And,And
as,as
if,if
the,the
Sea,Sea
of,of
his,his
afflictions,afflictions
deemed,deemed
him,him
too,too
good,good
to,to
be,be
drowned,drowned
in,in
infelicity,infelicity
even,even
that,that
helped,helped
him,him
to,to
float,float
in,in
the,the
height,height
of,of
applause,applause
None,None
so,so
great,great
as,as
Ioseph,joseph
now,now
in,in
the,the
love,love
of,of
the,the
vulgar,vulgar
in,in
the,the
talke,talk
of,of
the,the
greater,greater
or,or
in,in
the,the
heart,heart
of,of
his,his
Master,Master
Durst,Durst
wee,we
to,to
attribute,attribute
this,this
change,change
unto,unto
Fortune,Fortune
wee,we
might,might
with,with
the,the
Poet,Poet
justly,justly
Deifie,Deify
her,her
But,But
the,the
great,great
Iehovah,jehovah
disdain's,disdain's
such,such
a,a
no-thing,nothing
should,should
prove,prove
injurious,injurious
to,to
his,his
Majesty,Majesty
and,and
hate,hate
's,'s
as,as
much,much
the,the
Epicure's,Epicure's
deity,deity
as,as
this,this
sacrifice,sacrifice
Ioseph,joseph
was,was
not,not
more,more
highly,highly
promoted,promoted
than,than
religiously,religiously
disposed,disposed
and,and
render's,renders
therefore,therefore
his,his
best,best
thankes,thankes
to,to
the,the
God,God
of,of
honour,honour
Yet,Yet
behold,behold
a,a
strange,strange
alteration,alteration
That,That
which,which
before,before
exalted,exalted
him,him
is,is
now,now
as,as
ready,ready
to,to
cry,cry
him,him
down,down
His,His
Mistresse,Mistress
love's,love's
him,him
So,So
doth,doth
hee,he
her,her
Nay,Nay
she,she
lust's,lust's
after,after
him,him
but,but
so,so
will,will
not,not
he,he
her,her
His,His
conscience,conscience
sweare's,swears
him,him
to,to
obedience,obedience
to,to
the,the
King,King
of,of
Kings,Kings
teaching,teaching
him,him
observance,observance
to,to
his,his
Mistresse,Mistress
but,but
onely,only
in,in
things,things
lawfull,lawful
Yet,Yet
cannot,cannot
hee,he
bee,be
bolder,bolder
in,in
refusing,refusing
than,than
shee,she
in,in
wooing,wooing
The,The
redoubt,redoubt
which,which
hee,he
had,had
to,to
repaire,repair
to,to
for,for
an,an
excuse,excuse
was,was
the,the
infidelity,infidelity
to,to
his,his
Master,Master
which,which
would,would
have,have
insued,ensued
upon,upon
it,it
And,And
lest,lest
hee,he
should,should
bee,be
taken,taken
off,off
from,from
that,that
be,be
retreates,retreats
to,to
another,another
of,of
far,far
greater,greater
strength,strength
in,in
the,the
words,words
of,of
my,my
Text,Text
Quomodo,Quomodo
facerem,facerem
malum,malum
hoc,hoc
maximum,maximum
peccarem,peccarem
in,in
Deum,Deum
The,The
words,words
are,are
an,an
interrogative,interrogative
objurgation,objurgation
to,to
avoid,avoid
a,a
more,more
impious,impious
temptation,temptation
and,and
containe,contain
The,The
Author,Author
refusing,refusing
I,I
Ioseph,joseph
The,The
action,action
refused,refused
aggravated,aggravated
By,By
the,the
name,name
Wickednesse,Wickedness
By,By
the,the
extension,extension
Great,Great
The,The
reason,reason
of,of
the,the
refusall,refusal
In,In
respect,respect
of,of
the,the
offence,offence
Sin,Sin
In,In
respect,respect
of,of
the,the
obiect,object
or,or
party,party
offended,offended
God,God
Of,Of
these,these
in,in
their,their
order,order
and,and
first,first
of,of
The,The
Author,Author
refusing,refusing
I,I
Ioseph,joseph
When,When
God,God
distils,distils
his,his
grace,grace
into,into
the,the
heart,heart
't,'t
is,is
sinnes,sin's
antidote,antidote
and,and
works,works
effectually,effectually
Divine,Divine
vertues,virtues
elevate,elevate
the,the
soule,soul
and,and
disdaine,disdain
as,as
much,much
a,a
willing,willing
consent,consent
to,to
as,as
the,the
act,act
of,of
sinne,sin
The,The
purity,purity
of,of
the,the
Operator,Operator
contemn's,contemns
a,a
corrivall,corrival
in,in
the,the
heart,heart
solely,solely
possessing,possessing
that,that
chaire,chair
of,of
estate,estate
But,But
if,if
once,once
the,the
malice,malice
of,of
temptation,temptation
purchaseth,purchaseth
entertainment,entertainment
the,the
former,former
peace,peace
was,was
not,not
more,more
delightfull,delightful
than,than
the,the
succeeding,succeeding
warre,war
prove's,prove's
terrible,terrible
The,The
Almighty,Almighty
become's,becomes
a,a
sutor,suitor
who,who
not,not
intending,intending
to,to
work,work
by,by
his,his
power,power
wooe's,wooe's
by,by
intreaty,entreaty
and,and
as,as
if,if
that,that
Virgin,Virgin
that,that
chast,chaste
soule,soul
of,of
man,man
were,were
not,not
worth,worth
acceptance,acceptance
if,if
won,won
without,without
opposition,opposition
the,the
divel,devil
likewise,likewise
aime's,aime's
at,at
the,the
purchase,purchase
of,of
it,it
to,to
Happy,Happy
is,is
that,that
person,person
whose,whose
reason,reason
despising,despising
the,the
false,false
allurements,allurements
yeeld's,yields
a,a
consent,consent
to,to
the,the
God,God
of,of
Gods,Gods
Thus,Thus
was,was
Ioseph,joseph
wonne,won
by,by
the,the
deity,deity
and,and
his,his
heart,heart
was,was
found,found
as,as
constant,constant
as,as
the,the
opposer,opposer
turbulent,turbulent
Had,Had
his,his
education,education
nuzled,nuzzled
him,him
up,up
in,in
error,error
or,or
his,his
parents,parents
instructed,instructed
him,him
in,in
Idolatry,Idolatry
Had,Had
his,his
brethren,brethren
played,played
with,with
wickednesse,wickedness
or,or
his,his
companions,companions
dallied,dallied
with,with
disobedience,disobedience
then,than
the,the
mist,mist
of,of
ignorance,ignorance
might,might
peradventure,peradventure
have,have
bred,bred
a,a
Cacatact,Cacatact
or,or
drawne,drawn
a,a
Curtaine,Curtain
over,over
the,the
eyes,eyes
of,of
his,his
understanding,understanding
But,But
such,such
excuses,excuses
must,must
needs,needs
be,be
silent,silent
because,because
his,his
education,education
was,was
vertuous,virtuous
his,his
life,life
religious,religious
Quo,Quo
semel,semel
est,est
imbuta,imbuta
recens,recens
Teach,Teach
a,a
childe,child
the,the
trade,trade
of,of
his,his
youth,youth
saye's,says
Salomon,Solomon
and,and
he,he
will,will
not,not
forget,forget
it,it
when,when
hee,he
is,is
old,old
Ioseph,joseph
had,had
learned,learned
the,the
principles,principles
of,of
Religion,Religion
of,of
his,his
parents,parents
and,and
therefore,therefore
must,must
not,not
nay,nay
cannot,cannot
forget,forget
them,them
among,among
the,the
Egyptians,Egyptians
That,That
Court,Court
which,which
in,in
some,some
kinde,kind
was,was
the,the
schoole,school
of,of
villany,villainy
could,could
never,never
prove,prove
guilty,guilty
of,of
so,so
bad,bad
a,a
proficient,proficient
in,in
such,such
ill,ill
and,and
uncivill,uncivil
wayes,ways
But,But
What,What
do'st,dost
thou,thou
here,here
Eliah,Eliah
What,What
hath,hath
Ioseph,joseph
to,to
doe,do
that,that
hee,he
dances,dances
attendance,attendance
at,at
the,the
Court,Court
Exeat,Exeat
aula,aula
qui,qui
vult,vult
esse,esse
pius,pius
Mee,Me
thinkes,thinks
that,that
a,a
Cottage,Cottage
in,in
the,the
Country,Country
or,or
a,a
lodge,lodge
in,in
the,the
Wildernesse,Wilderness
of,of
rustickes,rustics
should,should
have,have
better,better
suited,suited
with,with
his,his
religious,religious
life,life
Hee,He
knowe's,knows
that,that
company,company
may,may
allure,allure
a,a
man,man
by,by
subtilty,subtlety
to,to
what,what
they,they
cannot,cannot
entice,entice
him,him
by,by
intreaty,entreaty
And,And
where,where
did,did
the,the
Divell,Devil
imploy,employ
his,his
servants,servants
more,more
than,than
among,among
King,King
Pharoahs,Pharoahs'
houshold,household
where,where
wickednesse,wickedness
was,was
with,with
some,some
become,become
their,their
religion,religion
iniquity,iniquity
their,their
common,common
devotion,devotion
But,But
alas,alas
hee,he
was,was
a,a
servant,servant
and,and
must,must
obey,obey
Yet,Yet
where,where
the,the
misery,misery
of,of
bondage,bondage
shall,shall
command,command
him,him
to,to
impiety,impiety
the,the
uprightnesse,uprightness
of,of
his,his
conscience,conscience
may,may
repeale,repeal
the,the
act,act
It,It
was,was
the,the
Divine,Divine
providence,providence
which,which
raised,raised
his,his
decayed,decayed
estate,estate
and,and
now,now
ravished,ravished
his,his
Master,Master
with,with
the,the
love,love
of,of
his,his
slave,slave
Hee,He
that,that
before,before
was,was
sold,sold
by,by
his,his
brethren,brethren
is,is
now,now
redeemed,redeemed
from,from
bondage,bondage
by,by
the,the
hand,hand
of,of
his,his
Father,Father
For,For
behold,behold
God,God
suffers,suffers
him,him
not,not
to,to
live,live
in,in
obscurity,obscurity
but,but
give,give
's,'s
him,him
successe,success
in,in
his,his
endeavours,endeavours
to,to
usher,usher
him,him
to,to
promotion,promotion
So,So
that,that
now,now
his,his
Captain,Captain
begin's,begins
to,to
take,take
especiall,especial
notice,notice
of,of
him,him
and,and
reward,reward
's,'s
his,his
fidelity,fidelity
with,with
the,the
command,command
of,of
his,his
house,house
Where,Where
before,before
his,his
honour,honour
goeth,goeth
humility,humility
for,for
hee,he
is,is
humbled,humbled
to,to
his,his
God,God
before,before
he,he
dare's,dares
venture,venture
upon,upon
command,command
'T,'T
was,was
his,his
obedience,obedience
to,to
God,God
which,which
advanced,advanced
him,him
and,and
't,'t
is,is
the,the
service,service
of,of
that,that
God,God
which,which
his,his
thoughts,thoughts
entertaine,entertain
Thus,Thus
shall,shall
it,it
be,be
done,done
to,to
the,the
man,man
whom,whom
God,God
will,will
honour,honour
The,The
envie,envy
of,of
fraternity,fraternity
shall,shall
be,be
the,the
meanes,means
of,of
promotion,promotion
where,where
loyalty,loyalty
to,to
the,the
Divinity,Divinity
petition,petition
's,'s
for,for
it,it
Though,Though
the,the
hatred,hatred
of,of
a,a
brother,brother
upon,upon
unjust,unjust
termes,terms
may,may
seeme,seem
to,to
intreat,entreat
yet,yet
it,it
can,can
never,never
perswade,persuade
the,the
Almighty,Almighty
to,to
curse,curse
when,when
the,the
malice,malice
of,of
the,the
one,one
takes,takes
a,a
daring,daring
from,from
the,the
devout,devout
Religion,Religion
of,of
the,the
other,other
Though,Though
the,the
strictnesse,strictness
of,of
unfeigned,unfeigned
zeale,zeal
receive's,receive's
the,the
daily,daily
almes,alms
of,of
Ioseph's,Ioseph's
brethren,brethren
even,even
in,in
these,these
wretched,wretched
times,times
I,I
meane,mean
nothing,nothing
but,but
opprobrious,opprobrious
calumnies,calumnies
yet,yet
the,the
God,God
of,of
that,that
Zeale,Zeal
will,will
burne,burn
up,up
those,those
reproaches,reproaches
with,with
fire,fire
unquenchable,unquenchable
He,He
that,that
fight,fight
's,'s
under,under
the,the
Colours,Colours
of,of
pure,pure
Religion,Religion
and,and
sanctity,sanctity
shall,shall
be,be
shot-free,shot-free
when,when
he,he
is,is
levell'd,levelled
at,at
by,by
any,any
reall,real
injurie,injury
Enemies,Enemies
may,may
spit,spit
the,the
fire,fire
of,of
wrath,wrath
against,against
him,him
yet,yet
it,it
shall,shall
prove,prove
as,as
an,an
ignis,ignis
fatuus,fatuus
to,to
lead,lead
themselves,themselves
to,to
destruction,destruction
To,To
Ioseph's,Ioseph's
brethren,brethren
then,then
in,in
this,this
Age,Age
I,I
wish,wish
as,as
much,much
religion,religion
as,as
their,their
neglected,neglected
brother,brother
can,can
teach,teach
them,them
and,and
let,let
the,the
bond,bond
of,of
Nature,Nature
rectifie,rectify
their,their
minds,minds
when,when
the,the
presumption,presumption
of,of
anger,anger
would,would
swell,swell
into,into
revenge,revenge
And,And
to,to
Ioseph,joseph
himselfe,himself
I,I
wish,wish
as,as
much,much
constancie,constancy
in,in
obedience,obedience
as,as
honour,honour
in,in
observance,observance
that,that
his,his
divine,divine
graces,graces
may,may
promote,promote
him,him
to,to
happinesse,happiness
and,and
his,his
resolute,resolute
perseverance,perseverance
in,in
his,his
dutie,duty
to,to
his,his
GOD,GOD
may,may
teach,teach
him,him
both,both
to,to
know,know
and,and
shun,shun
every,every
smal,small
and,and
trifling,trifling
mistake,mistake
in,in
the,the
eyes,eyes
of,of
the,the
world,world
because,because
Religion,Religion
will,will
write,write
it,it
Wickednesse,Wickedness
which,which
is,is
the,the
subject,subject
of,of
The,The
second,second
generall,general
the,the
action,action
refused,refused
aggravated,aggravated
First,First
by,by
the,the
name,name
Wickednesse,Wickedness
The,The
excellency,excellency
of,of
a,a
curious,curious
Picture,Picture
is,is
the,the
misty,misty
shaddowing,shadowing
of,of
it,it
Our,Our
Saviour's,Saviour's
Espouse,Espouse
in,in
the,the
Canticles,Canticles
is,is
faire,fair
though,though
black,black
And,And
the,the
night,night
is,is
best,best
shaped,shaped
to,to
it's,its
property,property
when,when
't,'t
is,is
muffled,muffled
with,with
it's,its
wonted,wont
darkenesse,darkness
But,But
alas,alas
miserable,miserable
man,man
in,in
this,this
onely,only
become's,becomes
wretched,wretched
being,being
shaddowed,shadowed
with,with
corruptions,corruptions
black,black
with,with
sinne,sin
and,and
darke,dark
with,with
wickednesse,wickedness
Disobedience,Disobedience
is,is
the,the
nature,nature
of,of
an,an
unregenerate,unregenerate
person,person
which,which
foile's,foiles
that,that
grace,grace
that,that
seek's,seek's
to,to
wound,wound
it,it
and,and
the,the
divel,devil
prove's,proves
destructive,destructive
to,to
the,the
man,man
upon,upon
whose,whose
ground,ground
they,they
fight,fight
Had,Had
God,God
beene,been
pleased,pleased
as,as
well,well
to,to
forbid,forbid
the,the
nature,nature
of,of
Adam,Adam
as,as
his,his
person,person
sinning,sinning
the,the
strength,strength
of,of
his,his
authority,authority
would,would
have,have
challenged,challenged
the,the
weakenesse,weakness
of,of
the,the
others,others
resistance,resistance
and,and
without,without
contradiction,contradiction
have,have
overcome,overcome
by,by
power,power
where,where
it,it
would,would
not,not
by,by
intreaty,entreaty
But,But
behold,behold
lest,lest
we,we
should,should
grow,grow
too,too
happy,happy
by,by
obedience,obedience
our,our
fore-father,forefather
through,through
unadvisednesse,unadvisedness
hurried,hurried
us,us
unto,unto
misery,misery
by,by
an,an
ignorant,ignorant
knowledge,knowledge
Yea,Yea
and,and
lest,lest
mischiefe,mischief
should,should
want,want
a,a
mistresse,mistress
to,to
worke,work
by,by
Eve,Eve
was,was
the,the
Serpent's,Serpent's
hand,hand
to,to
offer,offer
up,up
to,to
Adam,Adam
the,the
petition,petition
for,for
disobedience,disobedience
The,The
Divell,Devil
as,as
needing,needing
the,the
wit,wit
of,of
a,a
woman,woman
to,to
plot,plot
our,our
ruine,ruin
became,became
humble,humble
to,to
worke,work
upon,upon
her,her
pride,pride
whereby,whereby
the,the
temptation,temptation
drew,drew
on,on
our,our
destruction,destruction
Feminae,Feminae
cum,cum
viris,viris
habitantes,habitantes
germinant,germinant
spinas,spinas
arcana,arcana
mentium,mentium
acuto,acuto
mucrone,mucrone
percutiunt,percutiunt
saith,saith
Saint,Saint
Ambrose,Ambrose
The,The
female,female
sexe,sex
growe's,grows
strong,strong
onely,only
in,in
allurements,allurements
and,and
take's,takes
off,off
the,the
edge,edge
of,of
man's,man's
goodnesse,goodness
by,by
a,a
sharper,sharper
edge,edge
of,of
temptation,temptation
Yet,Yet
lest,lest
the,the
observation,observation
should,should
prove,prove
too,too
generall,general
that,that
the,the
weaker,weaker
sexe,sex
are,are
continually,continually
guilty,guilty
of,of
the,the
victory,victory
Ioseph,joseph
step,step
's,'s
in,in
here,here
to,to
triumph,triumph
over,over
the,the
intended,intended
conquerour,conqueror
His,His
Mistris,Mistress
wanting,wanting
the,the
power,power
of,of
command,command
dissolves,dissolves
her selfe,herself
into,into
sicke,sick
intreaties,entreaties
But,But
the,the
sweetnesse,sweetness
of,of
her,her
lovely,lovely
complements,compliments
discover's,discover's
the,the
uglinesse,ugliness
of,of
her,her
foule,foul
intents,intents
The,The
grace,grace
of,of
his,his
Protector,Protector
burne's,burns
in,in
his,his
heart,heart
and,and
light,light
's,'s
him,him
to,to
the,the
knowledge,knowledge
of,of
her,her
intended,intended
mischiefe,mischief
He,He
that,that
before,before
seemed,seemed
to,to
be,be
the,the
object,object
of,of
her,her
love,love
is,is
now,now
possessed,possessed
with,with
the,the
hatred,hatred
of,of
her,her
lust,lust
and,and
in,in
stead,stead
of,of
consenting,consenting
construes,construes
it,it
Wickednesse,Wickedness
When,When
I,I
reade,read
the,the
variety,variety
of,of
wayes,ways
the,the
Divell,Devil
hath,hath
projected,projected
to,to
seduce,seduce
us,us
to,to
this,this
Wickednesse,Wickedness
I,I
lose,lose
my selfe,myself
in,in
the,the
Labyrinth,Labyrinth
and,and
strucke,struck
dumbe,dumb
with,with
admiration,admiration
strange,strange
at,at
the,the
wretchednesse,wretchedness
of,of
humane,humane
frailety,frailty
Let,Let
me,me
crave,crave
your,your
audience,audience
and,and
wonder,wonder
at,at
once,once
when,when
I,I
name,name
the,the
many,many
filthy,filthy
wayes,ways
of,of
purging,purging
this,this
Wickednesse,Wickedness
by,by
uncleane,unclean
physicke,physic
Eight,Eight
severall,several
Monsters,Monsters
present,present
themselves,themselves
unto,unto
you,you
under,under
these,these
titles,titles
Fornicatio,Fornicatio
Adulterium,Adulterium
Stuprum,Stuprum
Incestus,Incestus
Raptus,Raptus
Mollities,Mollities
Sodomia,Sodomia
Bestialitas,Bestialitas
Fornicatio,Fornicatio
The,The
first,first
of,of
these,these
receive's,receive's
denomination,denomination
from,from
persons,persons
not,not
matrimonially,matrimonially
engaged,engaged
to,to
a,a
civill,civil
conversation,conversation
The,The
second,second
is,is
Sed,Sed
nescire,nescire
melius,melius
I,I
would,would
describe,describe
these,these
deformed,deformed
Fiends,Fiends
in,in
our,our
Mother,Mother
tongue,tongue
But,But
I,I
hold,hold
it,it
fitter,fit
to,to
draw,draw
Timanthes,Timanthes
vaile,veil
over,over
such,such
a,a
bed,bed
of,of
snakes,snakes
lest,lest
I,I
should,should
teach,teach
by,by
reproving,reproving
My,My
desire,desire
is,is
that,that
each,each
of,of
these,these
enormities,enormities
might,might
prove,prove
like,like
the,the
Herbe,Herb
Anonymos,Anonymos
in,in
Plinie,Pliny
Quae,Quae
non,non
inveniendo,inveniendo
nomen,nomen
invenit,invenit
which,which
got,got
a,a
name,name
by,by
retaining,retaining
the,the
nature,nature
thereof,thereof
in,in
obscurity,obscurity
rather,rather
than,than
the,the
name,name
of,of
the,the
vice,vice
should,should
teach,teach
the,the
crime,crime
Happy,Happy
was,was
Ioseph,joseph
then,then
who,who
knowing,knowing
the,the
malice,malice
of,of
his,his
corruption,corruption
to,to
project,project
a,a
farther,farther
mischiefe,mischief
if,if
once,once
he,he
had,had
consented,consented
neglect's,neglects
the,the
opportunity,opportunity
of,of
yeelding,yielding
to,to
Adultery,Adultery
the,the
second,second
kind,kind
and,and
terme's,terms
that,that
Wickednesse,Wickedness
which,which
his,his
Mistris,Mistress
would,would
have,have
judged,judged
happinesse,happiness
I,I
doubt,doubt
not,not
beloved,beloved
but,but
that,that
Ioseph's,Ioseph's
example,example
in,in
my,my
Text,Text
shall,shall
worke,work
powerfully,powerfully
in,in
you,you
against,against
your,your
provocations,provocations
to,to
uncleannesse,uncleanness
and,and
where,where
destruction,destruction
shall,shall
crave,crave
entertainement,entertainment
being,being
painted,painted
over,over
with,with
a,a
seeming,seeming
pleasure,pleasure
the,the
GOD,GOD
of,of
Ioseph,joseph
shall,shall
tell,tell
you,you
't,'t
is,is
wickednesse,wickedness
Who,Who
knowes,knows
not,not
the,the
weaknesse,weakness
and,and
wilfulnesse,wilfulness
of,of
them,them
which,which
Saint,Saint
Paul,Paul
termes,terms
silly,silly
and,and
laden,laden
with,with
divers,diverse
iniquities,iniquities
Who,Who
skil's,skils
not,not
the,the
cunning,cunning
of,of
those,those
delicate,delicate
imposters,impostors
in,in
their,their
wretched,wretched
devices,devices
As,As
their,their
armes,arms
embrace,embrace
the,the
neckes,necks
of,of
their,their
inchanted,enchanted
captives,captives
so,so
doth,doth
vengeance,vengeance
their,their
soules,souls
They,They
are,are
sad,sad
Ditties,Ditties
which,which
their,their
melodious,melodious
voices,voices
warble,warble
out,out
though,though
the,the
notes,notes
bee,be
harmonious,harmonious
and,and
that,that
destruction,destruction
which,which
they,they
beare,bear
about,about
them,them
is,is
as,as
full,full
of,of
deceit,deceit
as,as
allurement,allurement
I,I
feare,fear
beloved,beloved
I,I
shall,shall
not,not
neede,need
to,to
goe,go
farther,farther
than,than
to,to
your,your
owne,own
guilty,guilty
consciences,consciences
for,for
examples,examples
of,of
men,men
seduced,seduced
to,to
this,this
impiety,impiety
Yet,Yet
rather,rather
than,than
I,I
will,will
condemne,condemn
before,before
I,I
can,can
accuse,accuse
or,or
accuse,accuse
you,you
without,without
a,a
credible,credible
information,information
I,I
will,will
search,search
the,the
Scriptures,Scriptures
where,where
I,I
am,am
sure,sure
I,I
shall,shall
finde,find
Ruben,Reuben
intangled,entangled
with,with
Bilhah,Bilhah
his,his
Fathers,Father's
Concubine,Concubine
David,David
with,with
Bathsheba,Bathsheba
Herod,Herod
with,with
his,his
brother,brother
Philip's,Philip's
wife,wife
And,And
the,the
Corinthians,Corinthians
as,as
Saint,Saint
Paul,Paul
had,had
beene,been
informed,informed
in,in
his,his
first,first
Epistle,Epistle
to,to
them,them
verse,verse
Nec,Nec
Sampsone,Sampsone
fortior,fortior
es,es
as,as
saith,saith
Saint,Saint
Ambrose,Ambrose
nec,nec
Davide,Davide
sanctior,sanctior
nec,nec
Salomone,Salomone
sapientior,sapientior
Sampson,Samson
excelled,excelled
thee,thee
in,in
strength,strength
David,David
in,in
holinesse,holiness
and,and
Salomon,Solomon
in,in
wisedome,wisdom
yet,yet
they,they
suffered,suffered
by,by
these,these
enticing,enticing
vanities,vanities
Let,Let
it,it
be,be
your,your
pious,pious
industrie,industry
to,to
be,be
taught,taught
both,both
by,by
examples,examples
and,and
precepts,precepts
that,that
ye,ye
may,may
be,be
crowned,crowned
with,with
the,the
glory,glory
of,of
coelestiall,celestial
blisse,bliss
Yet,Yet
let,let
not,not
him,him
expect,expect
the,the
Diadem,Diadem
which,which
justifie's,justifie's
himselfe,himself
being,being
preserved,preserved
from,from
the,the
act,act
of,of
this,this
wickednesse,wickedness
onely,only
by,by
compulsion,compulsion
For,For
as,as
Saint,Saint
Hierom,Hierom
gravely,gravely
adviseth,adviseth
us,us
Infida,Infida
custos,custos
castitatis,castitatis
est,est
necessitas,necessitas
ille,ille
verè,verè
pudicus,pudicus
dicendus,dicendus
est,est
cui,cui
licuit,licuit
peccare,peccare
sed,sed
noluit,noluit
Necessity,Necessity
is,is
a,a
faithlesse,faithless
preserver,preserver
of,of
Integritie,Integrity
and,and
he,he
onely,only
is,is
truely,truly
termed,termed
chaste,chaste
who,who
may,may
fall,fall
and,and
will,will
not,not
Thus,Thus
doth,doth
Ioseph,joseph
stand,stand
excused,excused
for,for
he,he
leave,leave
's,'s
in,in
a,a
manner,manner
the,the
possibility,possibility
of,of
sinning,sinning
by,by
a,a
religious,religious
resistance,resistance
To,To
every,every
Ioseph,joseph
here,here
then,then
let,let
me,me
preferre,prefer
the,the
example,example
of,of
him,him
in,in
my,my
Text,Text
If,If
superiors,superiors
entice,entice
you,you
refuse,refuse
them,them
if,if
inferiours,inferiors
disdaine,disdain
them,them
if,if
equals,equals
shunne,shun
them,them
Let,Let
not,not
the,the
complexion,complexion
of,of
the,the
vice,vice
steale,steal
credit,credit
to,to
the,the
Lie,Lie
but,but
correct,correct
the,the
fury,fury
of,of
it,it
by,by
a,a
pious,pious
reneaguing,reneaguing
And,And
to,to
Ioseph's,Ioseph's
Mistris,Mistress
here,here
I,I
must,must
in,in
all,all
humility,humility
tender,tender
this,this
advice,advice
to,to
her,her
petulant,petulant
disposition,disposition
Let,Let
her,her
neither,neither
insnare,ensnare
the,the
righteous,righteous
by,by
her,her
painted,painted
hypocrisie,hypocrisy
nor,nor
her,her
Iezabels,jezabels'
face,face
intrap,entrap
the,the
ignorant,ignorant
Let,Let
not,not
her,her
Syren,Siren
songs,songs
steale,steal
to,to
the,the
eares,ears
of,of
any,any
on,on
whom,whom
she,she
desires,desires
to,to
surfeit,surfeit
with,with
incontinency,incontinency
But,But
let,let
her,her
praiers,prayers
rather,rather
crush,crush
those,those
desires,desires
and,and
her,her
devotion,devotion
repell,repel
them,them
Religion,Religion
is,is
the,the
best,best
remedy,remedy
against,against
such,such
swelling,swelling
tumors,tumours
of,of
impiety,impiety
and,and
the,the
very,very
remembrance,remembrance
that,that
it,it
is,is
wickednesse,wickedness
nay,nay
great,great
wickednesse,wickedness
may,may
controule,control
the,the
vice,vice
if,if
every,every
one,one
in,in
particular,particular
determine,determine
with,with
Ioseph,joseph
in,in
my,my
Text,Text
How,How
can,can
I,I
doe,do
this,this
great,great
wickednesse,wickedness
Which,Which
is,is
The,The
second,second
part,part
of,of
my,my
second,second
Generall,General
The,The
action,action
refused,refused
aggravated,aggravated
Secondly,Secondly
By,By
the,the
extension,extension
Great,Great
Consuetudo,Consuetudo
peccandi,peccandi
tollit,tollit
sensum,sensum
peccati,peccati
saith,saith
the,the
divine,divine
Philosopher,Philosopher
He,He
that,that
sell's,sell's
himselfe,himself
to,to
the,the
custome,custom
of,of
disloyalty,disloyalty
to,to
his,his
Creator,Creator
become's,becomes
ignorant,ignorant
of,of
his,his
offence,offence
and,and
instead,instead
of,of
correction,correction
prove's,prove's
unskilfull,unskilful
in,in
the,the
knowledge,knowledge
of,of
his,his
sinne,sin
The,The
gluttonous,gluttonous
satiety,satiety
of,of
our,our
swelling,swelling
Gulists,Gulists
argue's,argue's
their,their
necessity,necessity
of,of
offending,offending
by,by
forgetfulnes,forgetfulness
and,and
their,their
own,own
abundance,abundance
barr's,barr's
them,them
from,from
the,the
just,just
weighing,weighing
of,of
the,the
poverty,poverty
of,of
the,the
distressed,distressed
The,The
common,common
drunkard,drunkard
cannot,cannot
be,be
taken,taken
with,with
a,a
due,due
thanks-giving,thanks-giving
for,for
that,that
superfluity,superfluity
which,which
he,he
corrupt's,corrupts
from,from
whence,whence
many,many
thirstie,thirsty
soules,souls
might,might
sucke,suck
a,a
reasonable,reasonable
supply,supply
for,for
necessity,necessity
How,How
then,then
can,can
we,we
determine,determine
of,of
any,any
Religion,Religion
to,to
be,be
found,found
in,in
him,him
who,who
inclined,inclined
to,to
this,this
great,great
wickednesse,wickedness
mentioned,mentioned
in,in
my,my
Text,Text
borrow's,borrows
his,his
provocations,provocations
from,from
new-found,newfound
compositions,compositions
We,We
are,are
all,all
beleaguered,beleaguered
by,by
our,our
home-bred,homebred
enemies,enemies
but,but
especially,especially
by,by
Saint,Saint
Paul's,Paul's
three,three
squadrons,squadrons
The,The
lust,lust
of,of
the,the
flesh,flesh
The,The
lust,lust
of,of
the,the
eye,eye
and,and
The,The
pride,pride
of,of
life,life
Hee,He
that,that
loseth,loseth
but,but
the,the
least,least
ground,ground
upon,upon
necessity,necessity
to,to
either,either
of,of
these,these
suffer's,suffers
in,in
the,the
retreat,retreat
and,and
unlesse,unless
hee,he
gathereth,gathereth
strength,strength
by,by
the,the
power,power
of,of
grace,grace
can,can
never,never
recover,recover
what,what
he,he
hath,hath
lost,lost
Inter,Inter
omnia,omnia
certamina,certamina
Christianorum,Christianorum
sola,sola
dura,dura
sunt,sunt
praelia,praelia
castitatis,castitatis
ubi,ubi
quotidiana,quotidiana
est,est
pugna,pugna
rara,rara
victoria,victoria
de,de
c,c
as,as
Saint,Saint
Augustine,Augustine
speaketh,speaketh
to,to
the,the
same,same
purpose,purpose
Yee,Ye
may,may
be,be
pleased,pleased
to,to
observe,observe
both,both
the,the
entrie,entry
and,and
progresse,progress
of,of
this,this
sinne,sin
'T,'T
was,was
begun,begun
in,in
Paradise,Paradise
inclusively,inclusively
though,though
not,not
actually,actually
by,by
the,the
fall,fall
of,of
Adam,Adam
'T,'T
is,is
haereditary,haereditary
to,to
all,all
of,of
Vs,Us
the,the
off-spring,offspring
of,of
him,him
For,For
Libido,Libido
quâdam,quâdam
lege,lege
naturae,naturae
in,in
scelus,scelus
erumpit,erumpit
as,as
Hieron,Hieron
hath,hath
it,it
in,in
ad,ad
Fieriam,Fieriam
And,And
without,without
repentance,repentance
it,it
must,must
be,be
punished,punished
in,in
Hell,Hell
The,The
first,first
enticing,enticing
is,is
grounded,grounded
either,either
upon,upon
necessity,necessity
or,or
pleasure,pleasure
or,or
sometimes,sometimes
upon,upon
both,both
At,At
which,which
present,present
if,if
GOD,GOD
be,be
not,not
pleased,pleased
to,to
guide,guide
the,the
heart,heart
the,the
sinne,sin
is,is
purchased,purchased
though,though
not,not
yet,yet
acted,acted
Then,Then
is,is
the,the
Divell,Devil
for,for
the,the
most,most
part,part
rhetoricall,rhetorical
and,and
perswade's,persuades
by,by
insinuating,insinuating
arguments,arguments
for,for
his,his
owne,own
advantage,advantage
Trifles,Trifles
seldome,seldom
breake,break
friendship,friendship
betweene,between
the,the
enticer,enticer
and,and
the,the
allured,alured
and,and
what,what
in,in
it selfe,itself
is,is
impious,impious
hee,he
perswade's,persuades
to,to
be,be
a,a
very,very
sleight,sleight
or,or
rather,rather
no,no
sin,sin
Thus,Thus
if,if
the,the
heart,heart
consent,consent
the,the
Divel's,Devil's
proselyte,proselyte
is,is
wonne,won
And,And
lest,lest
he,he
should,should
know,know
what,what
destruction,destruction
he,he
plunge's,plunge's
himselfe,himself
into,into
hee,he
's,'s
kept,kept
in,in
ignorance,ignorance
by,by
that,that
God,God
of,of
this,this
World,World
who,who
blinde's,blinde's
the,the
eyes,eyes
of,of
his,his
understanding,understanding
lest,lest
the,the
light,light
of,of
the,the
glorious,glorious
Gospell,Gospel
of,of
CHRIST,CHRIST
which,which
is,is
the,the
Image,Image
of,of
GOD,GOD
should,should
shine,shine
unto,unto
him,him
But,But
ô,o
that,that
ineffable,ineffable
and,and
most,most
dreadfull,dreadful
sequel,sequel
which,which
ensue's,ensue's
upon,upon
the,the
first,first
consent,consent
That,That
which,which
Ioseph,joseph
here,here
accompt's,accompt's
a,a
great,great
wickednesse,wickedness
the,the
forlorne,forlorn
creature,creature
either,either
not,not
knowe's,knows
or,or
not,not
value's,value's
While,While
he,he
was,was
tottering,tottering
he,he
halted,halted
as,as
it,it
were,were
betweene,between
two,two
opinions,opinions
for,for
the,the
grace,grace
of,of
his,his
Protector,Protector
withstood,withstood
the,the
opposer,opposer
But,But
so,so
soone,soon
as,as
the,the
weake,weak
understanding,understanding
had,had
surrendred,surrendered
to,to
the,the
will,will
the,the
sinne,sin
was,was
entertained,entertained
yet,yet
that,that
't,'t
was,was
a,a
sinne,sin
or,or
a,a
great,great
wickednesse,wickedness
was,was
kept,kept
concealed,concealed
Facilis,Facilis
discensus,discensus
averni,averni
'T,'T
is,is
then,then
an,an
easie,easy
matter,matter
to,to
hasten,hasten
to,to
the,the
pit,pit
of,of
destruction,destruction
when,when
the,the
Divell,Devil
drive's,drives
a,a
man,man
by,by
his,his
hourely,hourly
provocation,provocation
But,But
alas,alas
miserable,miserable
wretch,wretch
shall,shall
the,the
fire,fire
of,of
thy,thy
lust,lust
burne,burn
within,within
thee,thee
and,and
not,not
the,the
fire,fire
of,of
hell,hell
burne,burn
for,for
thee,thee
Shalt,Shalt
thou,thou
cast,cast
thy selfe,thyself
into,into
that,that
deepe,deep
ditch,ditch
as,as
Salomon,Solomon
calleth,calleth
an,an
adultresse,adultress
for,for
thy,thy
pleasure,pleasure
and,and
not,not
expect,expect
a,a
deeper,deeper
ditch,ditch
of,of
destruction,destruction
for,for
thy,thy
paine,pain
Shall,Shall
the,the
flashes,flashes
of,of
this,this
great,great
wickednesse,wickedness
dazle,dazzle
thine,thine
eyes,eyes
and,and
not,not
the,the
flashes,flashes
of,of
hell,hell
terrifie,terrify
thy,thy
conscience,conscience
Earthly,Earthly
pleasures,pleasures
me,me
think's,thinks
in,in
reason,reason
cannot,cannot
or,or
at,at
least,least
should,should
not,not
delight,delight
us,us
because,because
they,they
are,are
of,of
no,no
continuance,continuance
Before,Before
they,they
come,come
we,we
consume,consume
our selves,ourselves
with,with
a,a
longing,longing
desire,desire
and,and
expectation,expectation
of,of
them,them
When,When
they,they
are,are
present,present
if,if
they,they
continue,continue
long,long
they,they
cloy,cloy
us,us
if,if
they,they
flye,fly
suddenly,suddenly
they,they
torment,torment
us,us
And,And
when,when
they,they
are,are
past,passed
we,we
may,may
hang,hang
downe,down
our,our
heads,heads
with,with
the,the
consideration,consideration
of,of
Saint,Saint
Paul's,Paul's
Quaere,Quaere
What,What
profit,profit
had,had
yee,ye
then,then
in,in
those,those
things,things
whereof,whereof
ye,ye
are,are
now,now
ashamed,ashamed
for,for
the,the
end,end
of,of
them,them
is,is
death,death
Diseases,Diseases
yee,ye
know,know
are,are
the,the
common,common
rewards,rewards
of,of
the,the
flesh,flesh
in,in
this,this
life,life
and,and
for,for
the,the
understanding,understanding
there,there
shall,shall
not,not
want,want
the,the
terrors,terrors
and,and
gnawings,gnawing
of,of
a,a
guilty,guilty
conscience,conscience
Oh,Oh
the,the
hideous,hideous
skreeches,skreeches
which,which
the,the
heart,heart
vent's,vent's
in,in
unmeasured,unmeasured
sobs,sobs
Oh,Oh
the,the
dismall,dismal
affirights,affirights
which,which
the,the
darknesse,darkness
of,of
the,the
night,night
present's,presents
to,to
the,the
fancy,fancy
of,of
an,an
impious,impious
adulterer,adulterer
Oh,Oh
that,that
ill-boading,ill-boding
noise,noise
and,and
fearefull,fearful
croaking,croaking
which,which
this,this
creature,creature
heare's,here's
yet,yet
knowe's,knows
not,not
how,how
or,or
where,where
or,or
whence,whence
His,His
conscience,conscience
is,is
sicke,sick
of,of
the,the
wormes,worms
His,His
understanding,understanding
stifled,stifled
in,in
clowdes,clouds
of,of
mist,mist
His,His
will,will
rushe's,rushe's
him,him
head-long,headlong
to,to
the,the
whirle-poole,whirlpool
of,of
destruction,destruction
and,and
lest,lest
his,his
body,body
should,should
bee,be
forgotten,forgotten
behinde,behind
that,that
crawle's,crawle's
upon,upon
the,the
very,very
diseases,diseases
which,which
it,it
hath,hath
gotten,gotten
and,and
so,so
stalke's,stalke's
to,to
confusion,confusion
Erre,Err
not,not
then,then
my,my
beloved,beloved
brethren,brethren
as,as
Iames,james
saith,saith
neither,neither
fall,fall
into,into
the,the
tallons,talons
of,of
your,your
untutored,untutored
lusts,lusts
Subject,Subject
not,not
your selves,yourselves
to,to
the,the
slavery,slavery
of,of
temptation,temptation
but,but
determine,determine
with,with
the,the
Father,Father
that,that
Levissima,Levissima
cogitatio,cogitatio
peccandi,peccandi
fit,fit
peccatum,peccatum
The,The
smallest,smallest
and,and
finest-spun,finest-spun
thought,thought
of,of
sinning,sinning
is,is
an,an
offence,offence
What,What
then,then
Ioseph,joseph
in,in
my,my
Text,Text
hath,hath
termed,termed
great,great
call,call
not,not
thou,thou
small,small
What,What
he,he
hath,hath
determined,determined
to,to
be,be
stiled,styled
wickednesse,wickedness
doe,do
not,not
thou,thou
boast,boast
of,of
with,with
impudence,impudence
but,but
correct,correct
thy,thy
libidinous,libidinous
motions,motions
with,with
the,the
words,words
of,of
my,my
Levia,Levia
sunt,sunt
sed,sed
multa,multa
sunt,sunt
saith,saith
Augustine,Augustine
These,These
sins,sins
peradventure,peradventure
may,may
seeme,seem
small,small
to,to
thee,thee
yet,yet
they,they
are,are
many,many
and,and
will,will
oppresse,oppress
thee,thee
as,as
much,much
by,by
their,their
number,number
as,as
others,others
by,by
their,their
weight,weight
That,That
this,this
offence,offence
then,then
which,which
belongeth,belongeth
chiefly,chief
to,to
our,our
purpose,purpose
is,is
not,not
wickednesse,wickedness
who,who
dares,dares
affirme,affirm
Or,Or
that,that
't,'t
is,is
great,great
who,who
can,can
deny,deny
Thomas,Thomas
Aquinas,Aquinas
is,is
so,so
sensible,sensible
of,of
the,the
greatnesse,greatness
of,of
it,it
that,that
he,he
proposeth,proposeth
a,a
question,question
touching,touching
a,a
branch,branch
thereof,thereof
seeming,seeming
very,very
triviall,trivial
in,in
appearance,appearance
yet,yet
of,of
greater,greater
consequence,consequence
than,than
a,a
common,common
judgement,judgement
will,will
censure,censure
it,it
An,An
in,in
amplexibus,amplexibus
osculis,osculis
consistat,consistat
peccatum,peccatum
mortale,mortale
in,in
secundae,secundae
Whether,Whether
a,a
mortall,mortal
sinne,sin
may,may
not,not
couch,couch
it selfe,itself
under,under
our,our
common,common
greetings,greetings
And,And
he,he
resolve's,resolve's
the,the
question,question
thus,thus
Secundum,Secundum
suam,suam
rationem,rationem
non,non
nominant,nominant
peccatum,peccatum
mortale,mortale
Si,Si
autem,autem
fiant,fiant
propter,propter
delectationem,delectationem
luxuriae,luxuriae
dicuntur,dicuntur
libidinosa,libidinosa
sunt,sunt
peccata,peccata
mortalia,mortalia
Those,Those
kinde,kind
of,of
complements,compliments
of,of
themselves,themselves
suffer,suffer
not,not
the,the
name,name
of,of
sinnes,sins
But,But
if,if
their,their
aime,aim
bee,be
luxurious,luxurious
their,their
end,end
is,is
pernitious,pernicious
If,If
then,then
our,our
very,very
salutations,salutations
and,and
common,common
greetings,greetings
standing,standing
onely,only
in,in
impure,impure
vessels,vessels
may,may
gather,gather
dregs,dregs
and,and
so,so
be,be
turned,turned
into,into
corruption,corruption
What,What
are,are
those,those
more,more
impious,impious
acts,acts
which,which
swelling,swelling
in,in
our,our
hearts,hearts
breake,break
forth,forth
into,into
wickednesse,wickedness
Might,Might
not,not
Ioseph,joseph
upon,upon
grounds,grounds
sufficiently,sufficiently
warranted,warranted
aggravate,aggravate
the,the
offence,offence
by,by
the,the
extension,extension
of,of
it,it
and,and
conclude,conclude
it,it
a,a
great,great
wickednesse,wickedness
Great,Great
indeed,indeed
in,in
the,the
first,first
place,place
on,on
his,his
owne,own
part,part
if,if
you,you
consider,consider
him,him
First,First
meerely,merely
as,as
a,a
man,man
should,should
hee,he
have,have
thus,thus
trespassed,trespassed
with,with
any,any
of,of
the,the
least,least
the,the
worst,worst
the,the
poorest,poorest
of,of
women,women
Secondly,Secondly
as,as
a,a
man,man
in,in
honour,honour
in,in
the,the
same,same
house,house
Justly,Justly
might,might
his,his
fidelity,fidelity
have,have
beene,been
stained,stained
with,with
infamy,infamy
had,had
his,his
Captain,Captain
's,'s
courtesie,courtesy
been,been
rewarded,rewarded
with,with
such,such
an,an
injury,injury
And,And
thirdly,thirdly
as,as
a,a
childe,child
of,of
Grace,Grace
whose,whose
fall,fall
had,had
he,he
yeelded,yielded
might,might
have,have
proved,proved
more,more
destructive,destructive
to,to
his,his
soule,soul
than,than
his,his
former,former
honor,honour
could,could
gaine,gain
him,him
affection,affection
But,But
indeed,indeed
as,as
if,if
his,his
integrity,integrity
grew,grew
too,too
wise,wise
to,to
forget,forget
the,the
danger,danger
of,of
such,such
an,an
errour,error
he,he
could,could
not,not
easily,easily
fall,fall
lest,lest
his,his
example,example
should,should
teach,teach
his,his
inferiours,inferiors
to,to
be,be
guilty,guilty
of,of
the,the
like,like
or,or
the,the
noise,noise
of,of
the,the
fact,fact
command,command
the,the
people,people
to,to
scorne,scorn
him,him
For,For
whom,whom
we,we
suspect,suspect
guilty,guilty
of,of
so,so
great,great
an,an
offence,offence
we,we
rather,rather
crush,crush
with,with
our,our
blushes,blushes
than,than
maintaine,maintain
by,by
our,our
industrie,industry
Great,Great
againe,again
on,on
her,her
part,part
too,too
If,If
his,his
Master's,Master's
wife,wife
should,should
have,have
prostituted,prostituted
her selfe,herself
to,to
her,her
servant,servant
her,her
vassall,vassal
the,the
censure,censure
of,of
her,her
crime,crime
would,would
freely,freely
have,have
passed,passed
and,and
each,each
common,common
inferiour,inferior
would,would
have,have
become,become
her,her
Judge,Judge
Secondly,Secondly
If,If
to,to
one,one
whom,whom
shee,she
loved,loved
the,the
sinne,sin
had,had
beene,been
the,the
greater,greater
For,For
who,who
know's,knows
not,not
that,that
God,God
in,in
his,his
Justice,Justice
hath,hath
punished,punished
the,the
fact,fact
here,here
on,on
earth,earth
at,at
least,least
with,with
a,a
mutuall,mutual
hatred,hatred
betweene,between
the,the
delinquents,delinquents
so,so
that,that
like,like
to,to
that,that
of,of
Tamar,Tamar
and,and
Amnon,Amnon
the,the
future,future
hatred,hatred
wherewith,wherewith
she,she
would,would
have,have
hated,hated
him,him
might,might
have,have
beene,been
greater,greater
than,than
the,the
love,love
wherewith,wherewith
she,she
had,had
loved,loved
him,him
Thirdly,Thirdly
great,great
in,in
respect,respect
of,of
her,her
greatnesse,greatness
also,also
by,by
the,the
Poet's,Poet's
censure,censure
Omne,Omne
animi,animi
vitium,vitium
tanto,tanto
conspectius,conspectius
in,in
se,se
Crimen,Crimen
habet,habet
Enormities,Enormities
are,are
built,built
up,up
higher,higher
and,and
grow,grow
more,more
eminent,eminent
when,when
their,their
foundation,foundation
is,is
the,the
errour,error
of,of
an,an
eminent,eminent
person,person
And,And
Isiodore,Isiodore
render's,renders
the,the
reason,reason
of,of
it,it
Crescit,Crescit
enim,enim
delicti,delicti
cumulus,cumulus
quod,quod
minoribus,minoribus
ignoscitur,ignoscitur
majoribus,majoribus
imputatur,imputatur
For,For
the,the
fault,fault
say's,says
hee,he
increaseth,increaseth
and,and
the,the
loftie,lofty
Cedars,Cedars
are,are
viewed,viewed
by,by
all,all
when,when
they,they
are,are
shaken,shaken
whilest,whilst
the,the
neglected,neglected
shrubs,shrubs
are,are
not,not
regarded,regarded
Great,Great
againe,again
not,not
in,in
respect,respect
of,of
Ioseph,joseph
the,the
Favourite,Favourite
of,of
his,his
Master,Master
onely,only
or,or
his,his
Mistris,Mistress
the,the
wife,wife
of,of
his,his
Master,Master
but,but
also,also
in,in
respect,respect
of,of
the,the
offence,offence
chiefly,chief
considered,considered
in,in
it selfe,itself
that,that
it,it
is,is
a,a
sinne,sin
Which,Which
is,is
The,The
first,first
part,part
of,of
my,my
third,third
Generall,General
The,The
reason,reason
of,of
the,the
refusall,refusal
First,First
in,in
respect,respect
of,of
the,the
offence,offence
Sinne,Sin
How,How
can,can
I,I
doe,do
this,this
great,great
wickednes,wickedness
and,and
sinne,sin
This,This
part,part
of,of
my,my
Text,Text
command's,commands
me,me
to,to
extract,extract
some-thing,something
out,out
of,of
no-thing,nothing
For,For
my,my
discourse,discourse
must,must
be,be
of,of
a,a
privation,privation
and,and
that,that
which,which
onely,only
hath,hath
gotten,gotten
a,a
name,name
must,must
teach,teach
us,us
our,our
proper,proper
nature,nature
I,I
am,am
fallen,fallen
here,here
upon,upon
sinne,sin
yet,yet
without,without
offence,offence
I,I
hope,hope
and,and
shall,shall
intreat,entreat
thereof,thereof
without,without
trespassing,trespassing
on,on
your,your
patience,patience
My,My
Text,Text
give,give
's,'s
me,me
not,not
authority,authority
to,to
be,be
tedious,tedious
in,in
the,the
generality,generality
lest,lest
I,I
should,should
neglect,neglect
this,this
which,which
it,it
doeth,doth
chiefly,chief
particularize,particularise
Curious,Curious
Schoole-distinctions,Schoole-distinctions
I,I
could,could
but,but
will,will
not,not
trouble,trouble
you,you
with,with
lest,lest
the,the
time,time
denie,deny
me,me
your,your
attention,attention
and,and
the,the
nicenesse,niceness
your,your
acceptance,acceptance
Let,Let
it,it
suffice,suffice
that,that
I,I
walke,walk
in,in
the,the
vulgar,vulgar
tract,tract
and,and
divide,divide
sinne,sin
onely,only
into,into
originall,original
and,and
actuall,actual
The,The
former,former
include's,includes
both,both
a,a
falling,falling
from,from
God,God
in,in
the,the
loynes,loins
of,of
Adam,Adam
and,and
the,the
evill,evil
which,which
followed,followed
it,it
which,which
is,is
as,as
well,well
the,the
defect,defect
of,of
originall,original
good,good
in,in
the,the
soule,soul
and,and
body,body
as,as
the,the
succession,succession
of,of
evill,evil
instead,instead
of,of
that,that
originall,original
good,good
in,in
both,both
The,The
second,second
which,which
is,is
Actuall,Actual
is,is
either,either
internall,internal
or,or
externall,external
spirituall,spiritual
or,or
carnall,carnal
of,of
omission,omission
or,or
commission,commission
infirmity,infirmity
or,or
presumption,presumption
as,as
your,your
daily,daily
Sermons,Sermons
instruct,instruct
you,you
To,To
our,our
purpose,purpose
then,then
I,I
must,must
confine,confine
my selfe,myself
to,to
the,the
intention,intention
of,of
my,my
Theame,Theme
Where,Where
I,I
finde,find
that,that
if,if
Ioseph,joseph
had,had
sinned,sinned
according,according
to,to
his,his
temptation,temptation
it,it
might,might
have,have
beene,been
a,a
great,great
actuall,actual
sinne,sin
committed,committed
perhaps,perhaps
with,with
presumption,presumption
and,and
severely,severely
to,to
be,be
punished,punished
by,by
the,the
rod,rod
of,of
Heaven,Heaven
It,It
was,was
therefore,therefore
the,the
mercy,mercy
of,of
our,our
jealous,jealous
God,God
to,to
vouchsafe,vouchsafe
him,him
assistance,assistance
in,in
his,his
greatest,greatest
temptations,temptations
Thus,Thus
a,a
man,man
being,being
in,in
honour,honour
was,was
of,of
understanding,understanding
that,that
hee,he
might,might
not,not
bee,be
compared,compared
to,to
the,the
beasts,beasts
that,that
perish,perish
Had,Had
he,he
himselfe,himself
beene,been
the,the
tempter,tempter
and,and
she,she
denyed,denied
his,his
sinne,sin
had,had
beene,been
entertained,entertained
by,by
the,the
first,first
extravagancie,extravagancy
of,of
his,his
words,words
Had,Had
hee,he
wooed,wooed
and,and
shee,she
consented,consented
the,the
mischiefe,mischief
had,had
doubled,doubled
it selfe,itself
by,by
the,the
act,act
Had,Had
he,he
secretly,secretly
desired,desired
her,her
and,and
not,not
discovered,discovered
the,the
fire,fire
yet,yet
Athanasius,Athanasius
would,would
censure,censure
him,him
in,in
his,his
Qui,Qui
formam,formam
concupiscit,concupiscit
quamvis,quamvis
sine,sine
fascinore,fascinore
peccatum,peccatum
sine,sine
teste,teste
commisit,commisit
Hee,He
that,that
desire,desire
's,'s
the,the
beauty,beauty
yet,yet
not,not
foulely,foully
enjoying,enjoying
it,it
hath,hath
committed,committed
a,a
sinne,sin
though,though
without,without
a,a
witnesse,witness
Or,Or
if,if
you,you
please,please
the,the
Scripture,Scripture
shall,shall
better,better
English,English
it,it
in,in
that,that
Whosoever,Whosoever
looketh,looketh
upon,upon
a,a
woman,woman
to,to
lust,lust
after,after
her,her
hath,hath
committed,committed
adultery,adultery
with,with
her,her
in,in
his,his
heart,heart
Here,Here
peradventure,peradventure
I,I
have,have
onely,only
as,as
yet,yet
awakened,awakened
the,the
conscience,conscience
of,of
Ioseph's,Ioseph's
Mistris,Mistress
whilest,whilst
the,the
rest,rest
applaud,applaud
themselves,themselves
in,in
their,their
seeming,seeming
integrity,integrity
But,But
alas,alas
beloved,beloved
I,I
must,must
summon,summon
you,you
all,all
to,to
the,the
Court,Court
of,of
Conscience,Conscience
and,and
it,it
may,may
be,be
find,find
them,them
guilty,guilty
which,which
are,are
most,most
confident,confident
in,in
their,their
justification,justification
For,For
I,I
must,must
distinguish,distinguish
of,of
a,a
two-fold,twofold
adultery,adultery
both,both
Carnall,Carnal
and,and
Spirituall,Spiritual
The,The
former,former
ye,ye
have,have
heard,heard
me,me
hitherto,hitherto
treat,treat
of,of
The,The
latter,latter
is,is
two-fold,twofold
First,First
Metaphoricall,Metaphorical
which,which
is,is
any,any
sinne,sin
of,of
what,what
nature,nature
and,and
condition,condition
soever,soever
because,because
our,our
soules,souls
are,are
espoused,espoused
to,to
Christ,Christ
which,which
the,the
Scripture,Scripture
termeth,termeth
spirituall,spiritual
whoredome,whoredom
The,The
second,second
consisteth,consisteth
in,in
the,the
abuse,abuse
of,of
any,any
holy,holy
thing,thing
which,which
is,is
adultery,adultery
by,by
way,way
of,of
sacriledge,sacrilege
as,as
Thomas,Thomas
Aquinas,Aquinas
will,will
have,have
it,it
Not,Not
to,to
enter,enter
into,into
a,a
strict,strict
examination,examination
of,of
your,your
hearts,hearts
or,or
common,common
application,application
which,which
your,your
guiltinesse,guiltiness
I,I
suppose,suppose
hath,hath
already,already
prevented,prevented
me,me
of,of
Let,Let
me,me
keepe,keep
to,to
the,the
purpose,purpose
of,of
this,this
word,word
as,as
it,it
is,is
in,in
my,my
Yee,Ye
have,have
hitherto,hitherto
seen,seen
the,the
diversity,diversity
of,of
sinne,sin
and,and
the,the
monstrous,monstrous
birth,birth
of,of
this,this
wee,we
treate,treat
of,of
Let,Let
Isiodor,Isiodor
now,now
have,have
leave,leave
to,to
present,present
you,you
with,with
the,the
ladder,ladder
by,by
which,which
this,this
impious,impious
vice,vice
climbs,climbs
up,up
to,to
heaven,heaven
to,to
call,call
for,for
vengeance,vengeance
Cogitatio,Cogitatio
prava,prava
saith,saith
hee,he
delectationem,delectationem
parit,parit
delectatio,delectatio
consensionem,consensionem
consensio,consensio
actionem,actionem
actio,actio
consuetudinem,consuetudinem
consuetudo,consuetudo
necessitatem,necessitatem
necessitas,necessitas
mortem,mortem
Evill,Evil
thoughts,thoughts
beget,beget
delight,delight
delight,delight
a,a
consent,consent
consent,consent
the,the
act,act
the,the
act,act
custome,custom
custome,custom
necessity,necessity
and,and
necessity,necessity
death,death
Saint,Saint
Iames,james
make's,makes
but,but
three,three
rounds,rounds
to,to
this,this
Ladder,Ladder
Lust,Lust
when,when
it,it
conceiveth,conceiveth
bringeth,bringeth
forth,forth
sinne,sin
and,and
sinne,sin
when,when
it,it
is,is
finished,finished
bringeth,bringeth
forth,forth
death,death
But,But
hee,he
that,that
hath,hath
a,a
desire,desire
to,to
walke,walk
more,more
leasurely,leisurely
to,to
his,his
destruction,destruction
and,and
in,in
spight,spite
of,of
the,the
Spirit,Spirit
of,of
grace,grace
will,will
follow,follow
his,his
owne,own
unbridled,unbridled
lusts,lusts
may,may
travell,travel
in,in
those,those
eight,eight
by-paths,by-paths
of,of
iniquity,iniquity
mentioned,mentioned
formerly,formerly
and,and
so,so
build,build
up,up
the,the
mighty,mighty
Babel,Babel
of,of
his,his
owne,own
confusion,confusion
But,But
siste,siste
paulum,paulum
viator,viator
as,as
Minutius,Minutius
Felix,Felix
speaketh,speaketh
in,in
another,another
kind,kind
Stay,Stay
thou,thou
that,that
walkest,walkest
in,in
those,those
uncouth,uncouth
paths,paths
while,while
I,I
question,question
thee,thee
with,with
Bernard,Bernard
Quare,Quare
peccas,peccas
Why,Why
doest,dost
thou,thou
sinne,sin
thus,thus
O,O
thou,thou
unjust,unjust
creature,creature
Why,Why
doest,dost
thou,thou
offend,offend
O,O
thou,thou
miserable,miserable
wretch,wretch
The,The
all-seeing,all-seeing
providence,providence
espie's,espie's
out,out
all,all
thy,thy
waies,ways
and,and
the,the
darkest,darkest
Cells,Cells
and,and
fowlest,foulest
cavernes,caverns
of,of
thy,thy
sooty,sooty
heart,heart
lye,lie
open,open
and,and
manifest,manifest
to,to
his,his
piercing,piercing
eyes,eyes
Plead,Plead
not,not
the,the
unchast,unchaste
allurements,allurements
of,of
lascivious,lascivious
women,women
which,which
tempt,tempt
thee,thee
for,for
an,an
excuse,excuse
For,For
our,our
age,age
returne's,returns
it selfe,itself
guilty,guilty
of,of
such,such
hellish,hellish
inventions,inventions
such,such
Philtra,Philtra
and,and
Diasatyrions,Diasatyrions'
such,such
powders,powders
and,and
potions,potions
to,to
cherish,cherish
this,this
abortive,abortive
brat,brat
of,of
uncleannesse,uncleanness
that,that
they,they
seeme,seem
even,even
to,to
iustifie,justify
the,the
severall,several
allurements,allurements
of,of
the,the
weaker,weaker
sexe,sex
by,by
more,more
horrid,horrid
and,and
divellish,devilish
inchantments,enchantments
Pascitur,Pascitur
libido,libido
conviviis,conviviis
say's,says
Saint,Saint
Ambrose,Ambrose
nutritur,nutritur
deliciis,deliciis
vino,vino
accenditur,accenditur
ebrietate,ebrietate
inflammatur,inflammatur
This,This
is,is
not,not
to,to
learn,learn
of,of
Paul,Paul
to,to
beat,beat
downe,down
our,our
bodies,bodies
and,and
keepe,keep
them,them
in,in
subiection,subjection
Nor,Nor
of,of
Ioseph,joseph
in,in
my,my
Text,Text
to,to
contend,contend
with,with
the,the
temptation,temptation
because,because
to,to
consent,consent
is,is
to,to
sinne,sin
Againe,Again
he,he
that,that
seeke's,seeke's
to,to
excuse,excuse
himselfe,himself
by,by
the,the
superfluous,superfluous
humours,humours
of,of
a,a
pampered,pampered
body,body
should,should
rather,rather
with,with
Lazarus,Lazarus
live,live
by,by
the,the
crummes,crumbs
than,than
fare,far
so,so
deliciously,deliciously
with,with
gluttonous,gluttonous
Dives,Dives
Plutarch,Plutarch
report's,report's
of,of
Antiochus,Antiochus
King,King
of,of
Asia,Asia
that,that
when,when
he,he
was,was
invited,invited
to,to
performe,perform
a,a
visit,visit
to,to
the,the
faire,fair
Panthea,Panthea
by,by
the,the
various,various
reports,reports
of,of
her,her
admired,admired
beauty,beauty
refused,refused
to,to
goe,go
replying,replying
Si,Si
modo,modo
illam,illam
convenero,convenero
quum,quum
per,per
otium,otium
vacat,vacat
fortasse,fortasse
illa,illa
mihi,mihi
persuasura,persuasura
est,est
ut,ut
neglectis,neglectis
regni,regni
negotiis,negotiis
illam,illam
conveniam,conveniam
quum,quum
etiam,etiam
non,non
vacat,vacat
If,If
say's,says
he,he
I,I
should,should
repaire,repair
unto,unto
her,her
now,now
my,my
leasure,leisure
serve,serve
's,'s
mee,me
perhaps,perhaps
shee,she
will,will
so,so
take,take
me,me
by,by
her,her
alluring,alluring
forme,form
that,that
when,when
I,I
should,should
follow,follow
the,the
affaires,affairs
of,of
my,my
Kingdome,Kingdom
I,I
should,should
spend,spend
my,my
time,time
with,with
her,her
when,when
I,I
have,have
no,no
leasure,leisure
I,I
read,read
that,that
Dionisius,Dionysius
dis-inherited,disinherited
his,his
sonne,son
which,which
was,was
heire,heir
to,to
his,his
Kingdome,Kingdom
for,for
defiling,defiling
himselfe,himself
with,with
another,another
man's,man's
wife,wife
The,The
Egyptians,Egyptians
punished,punished
the,the
adulterer,adulterer
with,with
a,a
thousand,thousand
stripes,stripes
and,and
the,the
adulteresse,adulteress
with,with
the,the
losse,loss
of,of
her,her
nose,nose
A,A
punishment,punishment
continued,continued
since,since
to,to
divers,diverse
not,not
by,by
Egyptian,Egyptian
edict,edict
to,to
the,the
women,women
onely,only
but,but
by,by
the,the
Indian,Indian
disease,disease
even,even
many,many
times,times
to,to
both,both
the,the
delinquents,delinquents
If,If
these,these
examples,examples
which,which
are,are
fetch,fetch
't,ed
from,from
prophane,profane
Authors,Authors
want,want
the,the
power,power
and,and
efficacy,efficacy
of,of
perswading,persuading
you,you
to,to
shun,shun
this,this
sinne,sin
in,in
my,my
Text,Text
let,let
then,then
the,the
Word,Word
of,of
God,God
which,which
is,is
sharper,sharper
than,than
any,any
two-edged,two-edged
Sword,Sword
divide,divide
between,between
the,the
ioynts,joints
and,and
the,the
marrow,marrow
of,of
him,him
that,that
run's,runs
on,on
still,still
in,in
this,this
wickednesse,wickedness
Who,Who
so,so
committeth,committeth
adultery,adultery
with,with
a,a
woman,woman
saith,saith
Salomon,Solomon
lacketh,lacketh
understanding,understanding
hee,he
that,that
doth,doth
it,it
destroyeth,destroyeth
his,his
owne,own
soule,soul
Proverbs,Proverbs
By,By
the,the
Leviticall,levitical
Law,Law
the,the
adulterer,adulterer
and,and
adulteresse,adulteress
were,were
both,both
put,put
to,to
death,death
Zimri,Zimri
and,and
Cozbi,Cozbi
were,were
both,both
thrust,thrust
through,through
by,by
Phinehas,Phinehas
even,even
in,in
the,the
tent,tent
Yea,Yea
and,and
twenty,twenty
and,and
five,five
thousand,thousand
of,of
the,the
Benjamites,Benjamites
were,were
slain,slain
in,in
battaile,battle
by,by
the,the
Israelites,Israelites
What,What
shall,shall
I,I
say,say
then,then
Thinke,Think
yee,ye
my,my
beloved,beloved
that,that
either,either
Zimri,Zimri
and,and
Cozbi,Cozbi
or,or
those,those
twenty,twenty
and,and
five,five
thousand,thousand
of,of
the,the
Benjamites,Benjamites
were,were
greater,greater
adulterers,adulterers
than,than
any,any
of,of
our,our
age,age
I,I
tell,tell
yee,ye
nay,nay
but,but
except,except
yee,ye
repent,repent
yee,ye
shall,shall
all,all
likewise,likewise
perish,perish
The,The
Canon,Canon
of,of
the,the
Law,Law
runne's,runne's
Paritas,Paritas
dilicti,dilicti
paritatem,paritatem
poenae,poenae
requirit,requirit
Those,Those
must,must
equally,equally
share,share
in,in
their,their
punishments,punishments
which,which
have,have
been,been
equally,equally
guilty,guilty
of,of
an,an
offence,offence
If,If
those,those
before,before
mentioned,mentioned
suffered,suffered
for,for
their,their
lusts,lusts
in,in
so,so
high,high
a,a
degree,degree
't,'t
were,were
but,but
justice,justice
in,in
God,God
to,to
punish,punish
us,us
in,in
the,the
like,like
nature,nature
as,as
or,or
rather,rather
worse,worse
than,than
them,them
Goe,Go
then,then
thou,thou
guilty,guilty
conscience,conscience
sinne,sin
no,no
more,more
lest,lest
a,a
worse,worse
punishment,punishment
than,than
these,these
happen,happen
unto,unto
thee,thee
As,As
thou,thou
hast,hast
yeelded,yielded
the,the
members,members
servants,servants
unto,unto
uncleannesse,uncleanness
and,and
to,to
iniquity,iniquity
unto,unto
iniquity,iniquity
even,even
so,so
now,now
yeeld,yield
thy,thy
members,members
servants,servants
to,to
righteousnesse,righteousness
unto,unto
holinesse,holiness
and,and
thy,thy
end,end
shall,shall
bee,be
everlasting,everlasting
peace,peace
Learne,Learn
of,of
good,good
Ioseph,joseph
here,here
to,to
shunne,shun
this,this
spirituall,spiritual
Adder,Adder
which,which
sting's,stings
thy,thy
soule,soul
and,and
then,then
hisse's,hisse's
at,at
thee,thee
for,for
thy,thy
folly,folly
Let,Let
God,God
be,be
the,the
object,object
of,of
all,all
our,our
desires,desires
the,the
moderator,moderator
of,of
our,our
thoughts,thoughts
and,and
the,the
controller,controller
of,of
our,our
actions,actions
so,so
whatsoever,whatsoever
rebellious,rebellious
thought,thought
steale's,steale's
into,into
our,our
fancies,fancies
he,he
will,will
correct,correct
it,it
by,by
discovering,discovering
it,it
unto,unto
us,us
to,to
bee,be
sinne,sin
against,against
his,his
sacred,sacred
Majesty,Majesty
In,In
sole,sole
etiam,etiam
levissimi,levissimi
pulvusculi,pulvusculi
cernuntur,cernuntur
saith,saith
Chrysostome,Chrysostome
When,When
the,the
Sunne,Sun
shine's,shine's
into,into
a,a
Chamber,Chamber
through,through
any,any
crevice,crevice
the,the
smallest,smallest
atomes,atoms
are,are
discerned,discerned
by,by
it,it
So,So
when,when
the,the
grace,grace
of,of
the,the
Sunne,Sun
of,of
glory,glory
shine's,shine's
into,into
our,our
hearts,hearts
wee,we
shall,shall
easily,easily
discover,discover
the,the
smallest,smallest
allurements,allurements
to,to
this,this
impurity,impurity
and,and
suddainly,suddenly
then,then
may,may
we,we
seek,seek
for,for
help,help
when,when
we,we
finde,find
it,it
to,to
be,be
a,a
sinne,sin
against,against
God,God
which,which
is,is
The,The
last,last
part,part
of,of
my,my
last,last
generall,general
The,The
reason,reason
of,of
Ioseph's,Ioseph's
refusall,refusal
in,in
respect,respect
Secondly,Secondly
of,of
the,the
object,object
or,or
party,party
offended,offended
God,God
How,How
can,can
I,I
doe,do
c,c
To,To
question,question
a,a
Deity,Deity
is,is
to,to
wound,wound
it,it
nay,nay
to,to
suspect,suspect
it,it
onely,only
is,is
to,to
deny,deny
it,it
The,The
hearts,hearts
of,of
men,men
are,are
the,the
Booke,Book
of,of
God,God
wherein,wherein
his,his
Majesty,Majesty
is,is
written,written
for,for
the,the
most,most
part,part
in,in
so,so
small,small
a,a
character,character
that,that
it,it
dazel's,dazels
the,the
eyes,eyes
of,of
their,their
understandings,understandings
which,which
attempt,attempt
to,to
prie,pry
into,into
it,it
He,He
that,that
sit's,sits
in,in
the,the
high,high
and,and
holy,holy
places,places
hath,hath
commanded,commanded
all,all
to,to
the,the
knowledge,knowledge
and,and
service,service
of,of
himselfe,himself
Ignorance,Ignorance
therefore,therefore
of,of
his,his
sacred,sacred
Majesty,Majesty
although,although
it,it
may,may
seeme,seem
to,to
pleade,plead
an,an
excuse,excuse
in,in
some,some
yet,yet
it,it
can,can
be,be
at,at
the,the
most,most
but,but
a,a
tanto,tanto
not,not
a,a
toto,toto
as,as
the,the
Schoolmen,Schoolmen
speake,speak
For,For
hee,he
hath,hath
not,not
left,left
himselfe,himself
without,without
witnesse,witness
in,in
that,that
hee,he
doth,doth
good,good
and,and
giveth,giveth
us,us
raine,rain
from,from
heaven,heaven
and,and
fruitfull,fruitful
seasons,seasons
filling,filling
our,our
hearts,hearts
with,with
food,food
and,and
gladnesse,gladness
Whatsoever,Whatsoever
therfore,therefore
is,is
endued,endued
with,with
a,a
reasonable,reasonable
soule,soul
cannot,cannot
choose,choose
but,but
determine,determine
of,of
a,a
supernaturall,supernatural
power,power
Caelum,Caelum
ipsum,ipsum
vide,vide
quam,quam
latè,latè
tenditur,tenditur
quam,quam
rapidè,rapidè
volvitur,volvitur
as,as
Minucius,Minucius
Felix,Felix
hath,hath
it,it
and,and
the,the
Psalmist,Psalmist
shall,shall
be,be
the,the
interpreter,interpreter
The,The
heavens,heavens
declare,declare
the,the
glory,glory
of,of
God,God
and,and
the,the
Firmament,Firmament
sheweth,showeth
his,his
handi-worke,handiwork
I,I
will,will
not,not
labour,labour
your,your
eares,ears
with,with
the,the
many,many
and,and
vulgar,vulgar
arguments,arguments
to,to
prove,prove
a,a
God,God
as,as
if,if
I,I
were,were
to,to
catechise,catechise
a,a
congregation,congregation
of,of
Infidels,Infidels
Let,Let
me,me
only,only
present,present
you,you
with,with
one,one
of,of
the,the
same,same
Author,Author
which,which
I,I
hope,hope
shall,shall
command,command
your,your
attention,attention
and,and
approbation,approbation
Let,Let
us,us
consider,consider
our selves,ourselves
as,as
we,we
are,are
men,men
and,and
view,view
the,the
variety,variety
of,of
faces,faces
which,which
we,we
daily,daily
behold,behold
with,with
a,a
reasonable,reasonable
eye,eye
and,and
observe,observe
how,how
we,we
are,are
lost,lost
in,in
the,the
admiration,admiration
of,of
so,so
much,much
dissimilitude,dissimilitude
in,in
our,our
likenesses,likenesses
Felix,Felix
Similes,Similes
universi,universi
videmur,videmur
inter,inter
se,se
singuli,singuli
dissimiles,dissimiles
invenimur,invenimur
We,We
seeme,seem
all,all
among,among
our selves,ourselves
like,like
one,one
the,the
other,other
and,and
yet,yet
are,are
we,we
found,found
in,in
some,some
thing,thing
or,or
other,other
each,each
unlike,unlike
the,the
other,other
Which,Which
demonstrate's,demonstrate's
unto,unto
us,us
the,the
wonderfull,wonderful
worke,work
of,of
a,a
superior,superior
Power,Power
to,to
be,be
magnified,magnified
in,in
this,this
variety,variety
The,The
Heathens,Heathens
in,in
ancient,ancient
times,times
were,were
confirmed,confirmed
in,in
the,the
Quod,Quod
sit,sit
in,in
the,the
positive,positive
determination,determination
of,of
a,a
divine,divine
Commander,Commander
although,although
they,they
erred,erred
in,in
the,the
Quid,Quid
sit,sit
as,as
well,well
as,as
the,the
Quis,Quis
sit,sit
what,what
he,he
hee,he
was,was
as,as
who,who
hee,he
was,was
And,And
I,I
can,can
justifie,justify
by,by
mine,mine
owne,own
experience,experience
that,that
the,the
Salvages,Savages
in,in
the,the
Westerne,Western
Indiaes,Indias
at,at
this,this
present,present
have,have
a,a
generall,general
tradition,tradition
received,received
from,from
their,their
Ancestors,Ancestors
which,which
teache's,teaches
them,them
as,as
far,far
in,in
Divinity,Divinity
as,as
some,some
of,of
the,the
former,former
Heathen,Heathen
had,had
learned,learned
even,even
that,that
there,there
is,is
a,a
great,great
Controller,Controller
above,above
who,who
doth,doth
never,never
injure,injure
them,them
yet,yet
they,they
sacrifice,sacrifice
to,to
the,the
Devill,Devil
because,because
they,they
feele,feel
his,his
frequent,frequent
correction,correction
I,I
taxe,tax
not,not
our,our
times,times
for,for
a,a
worse,worse
than,than
salvage,savage
ignorance,ignorance
although,although
with,with
sorrow,sorrow
I,I
speake,speak
it,it
I,I
feare,fear
here,here
are,are
some,some
even,even
among,among
us,us
Qui,Qui
non,non
tam,tam
Dei,Dei
nomen,nomen
quam,quam
ipsum,ipsum
Deum,Deum
ignorant,ignorant
which,which
are,are
not,not
ignorant,ignorant
of,of
the,the
name,name
but,but
the,the
attributes,attributes
of,of
God,God
Let,Let
it,it
not,not
then,then
bee,be
accounted,accounted
a,a
digression,digression
if,if
I,I
give,give
the,the
same,same
Minucius,Minucius
leave,leave
to,to
instruct,instruct
such,such
ignorant,ignorant
Christians,Christians
in,in
the,the
properties,properties
of,of
their,their
unknowne,unknown
Vniversa,Vniversa
quaecunque,quaecunque
sunt,sunt
saith,saith
he,he
verbo,verbo
jubet,jubet
ratione,ratione
dispensat,dispensat
virtute,virtute
consummat,consummate
'T,'T
is,is
hee,he
which,which
commandeth,commandeth
all,all
things,things
which,which
are,are
by,by
his,his
Word,Word
order's,order
them,them
by,by
his,his
reason,reason
and,and
perfect's,perfects
them,them
by,by
his,his
vertue,virtue
Hic,Hic
nec,nec
videri,videri
potest,potest
visu,visu
clarior,clarior
est,est
nec,nec
comprehendi,comprehendi
tactu,tactu
purior,purior
est,est
nec,nec
aestimari,aestimari
sensibus,sensibus
major,major
est,est
Infinitus,Infinitus
immensus,immensus
soli,soli
sibi,sibi
tantus,tantus
quantus,quantus
est,est
notus,notus
He,He
is,is
such,such
a,a
GOD,GOD
as,as
cannot,cannot
be,be
seene,seen
to,to
convict,convict
the,the
worshippers,worshippers
of,of
beasts,beasts
and,and
the,the
like,like
because,because
he,he
is,is
cleerer,clearer
than,than
our,our
sight,sight
Nor,Nor
can,can
hee,he
be,be
comprehended,comprehended
to,to
confute,confute
our,our
Labans,Laban's
with,with
their,their
stolne,stolen
gods,gods
because,because
he,he
is,is
too,too
pure,pure
to,to
be,be
touched,touched
Nor,Nor
can,can
he,he
be,be
sufficiently,sufficiently
valued,valued
to,to
convince,convince
our,our
Libertines,Libertines
which,which
serve,serve
him,him
after,after
their,their
common,common
triviall,trivial
and,and
irreligious,irreligious
manner,manner
because,because
hee,he
is,is
greater,greater
than,than
our,our
senses,senses
can,can
determine,determine
him,him
to,to
be,be
He,He
is,is
infinite,infinite
immense,immense
yea,yea
what,what
he,he
truely,truly
is,is
is,is
only,only
truely,truly
knowne,known
to,to
himselfe,himself
Sic,Sic
eum,eum
dignè,dignè
aestimamus,aestimamus
dum,dum
inaestimabilem,inaestimabilem
dicimus,dicimus
So,So
that,that
wee,we
esteeme,esteem
him,him
most,most
when,when
wee,we
conclude,conclude
him,him
inestimable,inestimable
But,But
this,this
way,way
to,to
discourse,discourse
of,of
GOD,GOD
is,is
not,not
directly,directly
commanded,commanded
by,by
my,my
We,We
are,are
here,here
to,to
looke,look
upon,upon
him,him
with,with
the,the
eyes,eyes
of,of
our,our
minds,minds
more,more
directly,directly
either,either
as,as
a,a
sin-revenging,sin-revenging
GOD,GOD
and,and
so,so
learne,learn
to,to
avoid,avoid
uncleannesse,uncleanness
because,because
't,'t
is,is
a,a
sinne,sin
against,against
GOD,GOD
who,who
will,will
wound,wound
the,the
heads,heads
of,of
his,his
enemies,enemies
and,and
the,the
hairie,hairy
scalpe,scalp
of,of
such,such
a,a
one,one
as,as
goeth,goeth
on,on
still,still
in,in
his,his
wickednesse,wickedness
Or,Or
else,else
as,as
an,an
indulgent,indulgent
Father,Father
and,and
so,so
learn,learn
to,to
shun,shun
all,all
appearance,appearance
of,of
this,this
evill,evil
because,because
it,it
is,is
a,a
sinne,sin
against,against
GOD,GOD
who,who
is,is
so,so
loving,loving
to,to
us,us
and,and
requires,requires
no,no
requitall,requital
at,at
all,all
but,but
our,our
reciprocall,reciprocal
love,love
in,in
our,our
obedience,obedience
to,to
him,him
Should,Should
not,not
Ioseph,joseph
then,then
have,have
beene,been
justly,justly
questioned,questioned
if,if
in,in
this,this
conflict,conflict
his,his
Mistresse's,Mistress'
temptation,temptation
had,had
over,over
swayed,swayed
his,his
religion,religion
to,to
taxe,tax
him,him
with,with
ignorance,ignorance
or,or
forgetfulnesse,forgetfulness
of,of
the,the
Lord,Lord
his,his
Maker,Maker
If,If
neither,neither
a,a
filiall,filial
nor,nor
a,a
servile,servile
feare,fear
of,of
this,this
GOD,GOD
could,could
have,have
reigned,reigned
his,his
unbridled,unbridled
appetite,appetite
To,To
the,the
prevention,prevention
whereof,whereof
yee,ye
see,see
't,'t
is,is
the,the
onely,only
spell,spell
which,which
he,he
charme's,charmes
the,the
firie,fiery
devill,devil
in,in
his,his
Mistresse,Mistress
with,with
How,How
can,can
I,I
doe,do
this,this
great,great
wickednesse,wickedness
and,and
sinne,sin
AGAINST,AGAINST
GOD,GOD
Let,Let
not,not
us,us
then,then
beloved,beloved
who,who
know,know
the,the
GOD,GOD
of,of
Ioseph,joseph
by,by
his,his
attributes,attributes
yea,yea
and,and
are,are
trained,trained
up,up
in,in
the,the
wayes,ways
of,of
his,his
service,service
subject,subject
our selves,ourselves
to,to
the,the
bondage,bondage
of,of
our,our
corruptions,corruptions
Let,Let
not,not
the,the
affectation,affectation
of,of
nor,nor
the,the
smallest,smallest
consent,consent
to,to
the,the
least,least
sinne,sin
rob,rob
us,us
of,of
our,our
service,service
to,to
the,the
greatest,greatest
GOD,GOD
but,but
let,let
us,us
reason,reason
with,with
our,our
temptations,temptations
in,in
the,the
words,words
of,of
my,my
Paula,Paula
the,the
Matron,Matron
is,is
commended,commended
by,by
Hierom,Hierom
that,that
Ita,Ita
levia,levia
deflevit,deflevit
peccata,peccata
ut,ut
grandissimorum,grandissimorum
crederes,crederes
ream,ream
She,She
did,did
so,so
bewaile,bewail
her,her
smallest,smallest
sinnes,sins
that,that
she,she
seemed,seemed
by,by
her,her
zealous,zealous
repentance,repentance
to,to
be,be
guilty,guilty
of,of
the,the
greatest,greatest
Servants,Servants
we,we
are,are
to,to
GOD,GOD
Let,Let
us,us
therefore,therefore
as,as
Saint,Saint
Paul,Paul
commandeth,commandeth
be,be
obedient,obedient
to,to
our,our
Master,Master
in,in
all,all
things,things
Sonnes,Sons
we,we
are,are
of,of
GOD,GOD
let,let
us,us
tender,tender
therefore,therefore
our,our
duties,duties
to,to
him,him
as,as
he,he
himselfe,himself
require's,require's
and,and
enable's,enable's
us,us
to,to
performe,perform
it,it
lest,lest
he,he
question,question
us,us
in,in
his,his
owne,own
words,words
If,If
I,I
be,be
a,a
Father,Father
where,where
is,is
mine,mine
honour,honour
If,If
I,I
be,be
a,a
Master,Master
where,where
is,is
my,my
feare,fear
saith,saith
the,the
Lord,Lord
Rege,Rege
ergo,ergo
tuos,tuos
adfectus,adfectus
dirige,dirige
actus,actus
corrige,corrige
gressus,gressus
as,as
saith,saith
Bonaventure,Bonaventure
Subdue,Subdue
then,then
thine,thine
affections,affections
direct,direct
thy,thy
actions,actions
and,and
correct,correct
thy,thy
steps,steps
that,that
thou,thou
maist,mayst
not,not
tread,tread
out,out
of,of
this,this
path,path
which,which
Ioseph,joseph
hath,hath
led,led
thee,thee
in,in
checking,checking
thine,thine
opposer,opposer
upon,upon
all,all
assaults,assaults
with,with
How,How
can,can
I,I
doe,do
this,this
great,great
wickednesse,wickedness
and,and
sinne,sin
against,against
GOD,GOD
Hitherto,Hitherto
have,have
I,I
endeavoured,endeavoured
to,to
handle,handle
each,each
particular,particular
part,part
of,of
my,my
Text,Text
severally,severally
Your,Your
attention,attention
hath,hath
now,now
given,given
me,me
assurance,assurance
of,of
your,your
acceptance,acceptance
and,and
to,to
gratifie,gratify
you,you
I,I
must,must
crave,crave
your,your
patience,patience
a,a
second,second
time,time
I,I
am,am
ingaged,engaged
to,to
looke,look
backe,back
upon,upon
my,my
Text,Text
once,once
more,more
before,before
I,I
can,can
leave,leave
it,it
and,and
in,in
the,the
first,first
part,part
which,which
is,is
The,The
Author,Author
Ioseph,joseph
I,I
must,must
beseech,beseech
you,you
to,to
consider,consider
His,His
place,place
of,of
honour,honour
from,from
a,a
low,low
estate,estate
His,His
place,place
of,of
justice,justice
guided,guided
by,by
discretion,discretion
And,And
his,his
place,place
of,of
providence,providence
to,to
store,store
for,for
a,a
future,future
necessity,necessity
Here,Here
is,is
true,true
honour,honour
begot,begot
by,by
wisedome,wisdom
borne,borne
by,by
observance,observance
and,and
maintained,maintained
by,by
honesty,honesty
Againe,Again
Here,Here
's,'s
the,the
some,some
of,of
envie,envy
from,from
his,his
brethren,brethren
wiped,wiped
cleane,clean
off,off
by,by
the,the
love,love
of,of
his,his
Moreover,Moreover
Here,Here
's,'s
poverty,poverty
and,and
bondage,bondage
without,without
repining,repining
climb'd,climbed
up,up
into,into
riches,riches
and,and
freedome,freedom
yet,yet
without,without
pride,pride
or,or
ambition,ambition
Besides,Besides
Here,Here
's,'s
patience,patience
in,in
adversitie,adversity
and,and
faithfulnesse,faithfulness
in,in
servilitie,servility
Here,Here
is,is
humility,humility
in,in
honour,honour
and,and
piety,piety
in,in
plenty,plenty
If,If
his,his
example,example
winne,win
us,us
not,not
in,in
any,any
of,of
these,these
wee,we
'll,'ll
proceed,proceed
to,to
the,the
second,second
part,part
The,The
action,action
refused,refused
Here,Here
I,I
am,am
certaine,certain
none,none
can,can
want,want
admonition,admonition
None,None
of,of
the,the
eight,eight
sorts,sorts
of,of
uncleannesse,uncleanness
write,writ
our,our
Ioseph,joseph
guilty,guilty
Hee,He
denie's,denies
though,though
his,his
Mistresse,Mistress
intreat's,intreat's
Here,Here
's,'s
GOD,GOD
and,and
the,the
Devill,Devil
contending,contending
for,for
a,a
soule,soul
The,The
woman,woman
who,who
first,first
tempted,tempted
man,man
exercise's,exercise's
her,her
authority,authority
againe,again
in,in
Potipher's,Potipher's
wife,wife
but,but
GOD,GOD
who,who
is,is
greater,greater
command's,commands
by,by
his,his
supremacie,supremacy
Here,Here
's,'s
the,the
wickednesse,wickedness
of,of
a,a
woman,woman
and,and
the,the
goodnesse,goodness
of,of
a,a
man,man
positively,positively
And,And
againe,again
here,here
's,'s
the,the
goodnesse,goodness
of,of
a,a
woman,woman
as,as
some,some
will,will
have,have
it,it
and,and
the,the
wickednesse,wickedness
of,of
a,a
man,man
inclusively,inclusively
Here,Here
Vertue,Virtue
and,and
vice,vice
are,are
at,at
contention,contention
Here,Here
's,'s
the,the
sulfureous,sulfureous
fire,fire
of,of
Hell,Hell
burning,burning
in,in
lust,lust
and,and
the,the
power,power
of,of
Heaven,Heaven
quenching,quenching
the,the
flame,flame
Here,Here
's,'s
a,a
conflict,conflict
betweene,between
Chastitie,Chastity
and,and
Adulterie,Adultery
but,but
Religion,Religion
become's,becomes
the,the
Judge,Judge
Here,Here
's,'s
a,a
controversie,controversy
in,in
Law,Law
but,but
Piety,Piety
is,is
the,the
Vmpire,Umpire
And,And
lastly,lastly
here,here
's,'s
fire,fire
and,and
water,water
meeting,meeting
together,together
in,in
a,a
strong,strong
contention,contention
but,but
the,the
Spirit,Spirit
of,of
God,God
breathes,breathes
upon,upon
the,the
water,water
See,See
here,here
how,how
opposition,opposition
adde's,adde's
glory,glory
to,to
the,the
triumpher,triumpher
Had,Had
not,not
Ioseph,joseph
beene,been
tempted,tempted
he,he
had,had
not,not
beene,been
proved,proved
But,But
being,being
tempted,tempted
had,had
he,he
consented,consented
he,he
had,had
not,not
beene,been
accepted,accepted
How,How
knew,knew
he,he
but,but
that,that
it,it
might,might
be,be
policie,policy
in,in
his,his
Mistris,Mistress
to,to
allure,allure
him,him
to,to
wickednesse,wickedness
not,not
intended,intended
to,to
be,be
acted,acted
that,that
she,she
might,might
depose,depose
him,him
from,from
honour,honour
whom,whom
perhaps,perhaps
shee,she
hated,hated
To,To
prevent,prevent
an,an
injury,injury
therefore,therefore
in,in
his,his
repute,repute
hee,he
disdained,disdained
the,the
power,power
of,of
his,his
Mistresse's,Mistress'
temptation,temptation
'T,'T
was,was
enough,enough
that,that
hee,he
knew,knew
her,her
a,a
woman,woman
and,and
therein,therein
her,her
infirmities,infirmities
although,although
he,he
remembred,remembered
shee,she
was,was
his,his
Mistris,Mistress
and,and
therefore,therefore
instruct's,instructs
her,her
A,A
vertuous,virtuous
Woman,Woman
is,is
like,like
the,the
Iewell,jewel
in,in
the,the
field,field
mentioned,mentioned
in,in
the,the
Gospell,Gospel
Or,Or
as,as
the,the
Sunne,Sun
in,in
the,the
Heavens,Heavens
dazeling,dazzling
the,the
eyes,eyes
of,of
the,the
weake,weak
spectators,spectators
and,and
giving,giving
lustre,lustre
to,to
the,the
rest,rest
of,of
her,her
sexe,sex
the,the
smallest,smallest
Starres,Stars
Yea,Yea
a,a
Woman,Woman
in,in
honour,honour
invested,invested
with,with
the,the
Ermins,Ermines
of,of
Religion,Religion
is,is
all,all
white,white
and,and
goodnesse,goodness
of,of
her selfe,herself
though,though
not,not
without,without
some,some
blacke,black
spots,spots
of,of
malice,malice
and,and
corruption,corruption
But,But
on,on
the,the
other,other
side,side
a,a
Woman,Woman
in,in
honour,honour
supported,supported
by,by
power,power
leaning,leaning
upon,upon
command,command
and,and
yet,yet
bending,bending
double,double
with,with
vice,vice
is,is
witty,witty
in,in
her,her
revenge,revenge
dangerous,dangerous
in,in
her,her
malice,malice
contemning,contemning
the,the
vertuous,virtuous
and,and
in,in
a,a
furious,furious
rapture,rapture
plotting,plotting
for,for
mischiefe,mischief
on,on
those,those
who,who
sell,sell
not,not
their,their
very,very
soules,souls
to,to
content,content
her,her
humour,humour
Doe,Do
but,but
observe,observe
the,the
wife,wife
of,of
Potipher,Potipher
and,and
yee,ye
may,may
finde,find
it,it
her,her
truest,truest
character,character
But,But
on,on
the,the
other,other
partie,party
Religion,Religion
is,is
predominant,predominant
though,though
contemned,contemned
for,for
great,great
wickednesse,wickedness
ready,ready
to,to
be,be
performed,performed
by,by
great,great
persons,persons
if,if
it,it
had,had
not,not
beene,been
controuled,controlled
by,by
piety,piety
would,would
have,have
broke,broke
out,out
into,into
destruction,destruction
Had,Had
she,she
onely,only
loved,loved
him,him
it,it
had,had
been,been
her,her
courtesie,courtesy
Had,Had
she,she
loved,loved
his,his
Religion,Religion
onely,only
it,it
had,had
been,been
her,her
goodnesse,goodness
Had,Had
she,she
loved,loved
onely,only
his,his
integrity,integrity
it,it
had,had
beene,been
her,her
discretion,discretion
Had,Had
shee,she
loved,loved
only,only
his,his
humility,humility
it,it
had,had
bin,been
her,her
honor,honour
But,But
in,in
her,her
love,love
which,which
was,was
but,but
the,the
counterfeit,counterfeit
of,of
her,her
lust,lust
she,she
discovered,discovered
her,her
wilfull,wilful
impurity,impurity
Origo,Origo
quidem,quidem
amoris,amoris
honesta,honesta
est,est
sed,sed
magnitudo,magnitudo
deformis,deformis
saith,saith
The,The
sparkes,sparks
of,of
love,love
are,are
honest,honest
but,but
the,the
flames,flames
are,are
dangerous,dangerous
If,If
any,any
here,here
have,have
beene,been
scorched,scorched
with,with
them,them
let,let
the,the
teares,tears
of,of
contrition,contrition
quench,quench
the,the
fire,fire
the,the
GOD,GOD
of,of
that,that
contrition,contrition
accept,accept
the,the
repentance,repentance
Hitherto,Hitherto
I,I
have,have
onely,only
touched,touched
upon,upon
that,that
Adultery,Adultery
which,which
is,is
carnall,carnal
mentioned,mentioned
formerly,formerly
I,I
must,must
now,now
looke,look
backe,back
upon,upon
that,that
which,which
is,is
spirituall,spiritual
also,also
Cyprian,Cyprian
speaking,speaking
of,of
some,some
Virgins,Virgins
that,that
were,were
Votaries,Votaries
saye's,says
they,they
were,were
adulterae,adulterae
priusquam,priusquam
nuptae,nuptae
adulteresses,adulteresses
before,before
they,they
were,were
wedded,wedded
to,to
that,that
austere,austere
life,life
although,although
they,they
were,were
Virgins,Virgins
and,and
he,he
explaines,explains
himselfe,himself
presently,presently
after,after
saying,saying
Not,Not
to,to
any,any
husband,husband
but,but
to,to
CHRIST,CHRIST
O,O
that,that
wee,we
could,could
once,once
bee,be
free,free
from,from
this,this
whoredome,whoredom
and,and
become,become
like,like
the,the
Kings,King's
Daughter,Daughter
in,in
the,the
Psalmes,Psalms
All,All
glorious,glorious
within,within
O,O
that,that
our,our
soules,souls
were,were
clad,clad
in,in
white,white
robes,robes
of,of
innocencie,innocence
and,and
not,not
in,in
the,the
menstruous,menstruous
rags,rags
of,of
our,our
naturall,natural
corruptions,corruptions
O,O
that,that
a,a
seared,seared
conscience,conscience
might,might
not,not
perswade,persuade
us,us
to,to
a,a
drowsie,drowsy
securitie,security
in,in
a,a
seeming,seeming
honesty,honesty
when,when
these,these
Tabernacles,Tabernacles
of,of
flesh,flesh
cannot,cannot
be,be
truly,truly
free'd,freed
from,from
impiety,impiety
Whatsoever,Whatsoever
sinne,sin
we,we
commit,commit
is,is
in,in
it selfe,itself
a,a
great,great
wickednesse,wickedness
and,and
the,the
Apostle,Apostle
tell,tell
's,'s
us,us
that,that
the,the
wages,wages
thereof,thereof
is,is
death,death
Our,Our
mortality,mortality
then,then
teacheth,teacheth
us,us
the,the
punishment,punishment
of,of
our,our
disobedience,disobedience
much,much
more,more
therefore,therefore
ought,ought
our,our
lives,lives
to,to
instruct,instruct
us,us
in,in
repentance,repentance
Our,Our
sinnes,sins
are,are
committed,committed
against,against
a,a
mighty,mighty
Iehovah,jehovah
the,the
LORD,LORD
strong,strong
and,and
mighty,mighty
and,and
yet,yet
our,our
Which,Which
put,put
's,'s
me,me
in,in
mind,mind
of,of
my,my
third,third
and,and
last,last
part,part
Quarels,Quarrels
among,among
men,men
may,may
be,be
taken,taken
up,up
by,by
the,the
amity,amity
of,of
friends,friends
But,But
sinnes,sins
against,against
God,God
only,only
by,by
enmity,enmity
with,with
our selves,ourselves
If,If
then,then
Ioseph,joseph
refused,refused
to,to
admit,admit
of,of
a,a
conspiracie,conspiracy
against,against
reason,reason
and,and
put,put
it,it
off,off
divinely,divinely
lest,lest
he,he
should,should
sinne,sinne
against,against
GOD,GOD
How,How
much,much
more,more
ought,ought
wee,we
whose,whose
slacknesse,slackness
in,in
righteousnesse,righteousness
condemne's,condemne's
us,us
to,to
be,be
lesse,less
religious,religious
The,The
least,lest
here,here
hath,hath
not,not
Ioseph's,Ioseph's
command,command
nor,nor
the,the
greatest,greatest
I,I
feare,fear
his,his
goodnesse,goodness
Let,Let
all,all
contend,contend
for,for
his,his
honesty,honesty
What,What
vice,vice
soever,soever
beg's,begs
for,for
entertainment,entertainment
wil,will
be,be
best,best
answered,answered
in,in
the,the
words,words
of,of
my,my
Text,Text
if,if
each,each
particular,particular
person,person
reply,reply
How,How
can,can
I,I
doe,do
this,this
great,great
wickednesse,wickedness
and,and
sinne,sin
against,against
God,God
To,To
which,which
God,God
the,the
Father,Father
Son,Son
and,and
Holy,Holy
Ghost,Ghost
bee,be
all,all
praise,praise
honor,honour
FINIS,FINIS
